itemID,Server,regularSaleVelocity,nqSalesVelocity,HQSalesVelocity,currentAvePrice,currentAvePriceNQ,currentAvePriceHQ,minPrice,minPriceNQ,minPriceHQ,maxPrice,maxPriceNQ,maxPriceHQ,Price,Quantity,HQ,isCrafted,retainerName,lastReviewTime,lastUploadTime
36074,Balmung,2.857143,0,2.857143,3639.2173,0,3639.2173,2520,0,2520,14700,0,14700,2520,1,True,True,Alexis'willows,"06/20/2022,15:08:53",na
36074,Balmung,2.857143,0,2.857143,3639.2173,0,3639.2173,2520,0,2520,14700,0,14700,2522,3,True,True,Corri,"06/20/2022,01:35:22",na
36074,Balmung,2.857143,0,2.857143,3639.2173,0,3639.2173,2520,0,2520,14700,0,14700,2573,30,True,True,Bookman,"06/20/2022,01:41:59",na
36074,Balmung,2.857143,0,2.857143,3639.2173,0,3639.2173,2520,0,2520,14700,0,14700,2620,99,True,True,Yukiteru,"06/20/2022,03:53:33",na
36074,Balmung,2.857143,0,2.857143,3639.2173,0,3639.2173,2520,0,2520,14700,0,14700,2620,99,True,True,Yukiteru,"06/20/2022,03:53:33",na
36074,Balmung,2.857143,0,2.857143,3639.2173,0,3639.2173,2520,0,2520,14700,0,14700,2620,99,True,True,Yukiteru,"06/20/2022,03:53:33",na
36074,Balmung,2.857143,0,2.857143,3639.2173,0,3639.2173,2520,0,2520,14700,0,14700,2620,99,True,True,Yukiteru,"06/20/2022,03:53:33",na
36074,Balmung,2.857143,0,2.857143,3639.2173,0,3639.2173,2520,0,2520,14700,0,14700,2620,99,True,True,Yukiteru,"06/20/2022,03:53:33",na
36074,Balmung,2.857143,0,2.857143,3639.2173,0,3639.2173,2520,0,2520,14700,0,14700,3148,50,True,True,Lokicarpenter,"06/20/2022,04:34:17",na
36074,Balmung,2.857143,0,2.857143,3639.2173,0,3639.2173,2520,0,2520,14700,0,14700,3149,20,True,True,Aumerics,"06/20/2022,15:39:09",na
36074,Balmung,2.857143,0,2.857143,3639.2173,0,3639.2173,2520,0,2520,14700,0,14700,3149,20,True,True,Aumericen,"06/20/2022,15:32:55",na
36074,Balmung,2.857143,0,2.857143,3639.2173,0,3639.2173,2520,0,2520,14700,0,14700,3149,33,True,True,Aumericant,"06/20/2022,17:27:15",na
36074,Balmung,2.857143,0,2.857143,3639.2173,0,3639.2173,2520,0,2520,14700,0,14700,3149,50,True,True,Aumerics,"06/20/2022,15:39:09",na
36074,Balmung,2.857143,0,2.857143,3639.2173,0,3639.2173,2520,0,2520,14700,0,14700,3149,50,True,True,Dinnertime,"06/20/2022,02:09:22",na
36074,Balmung,2.857143,0,2.857143,3639.2173,0,3639.2173,2520,0,2520,14700,0,14700,3149,99,True,True,Aumericant,"06/20/2022,17:27:15",na
36074,Balmung,2.857143,0,2.857143,3639.2173,0,3639.2173,2520,0,2520,14700,0,14700,3149,99,True,True,Aumerics,"06/20/2022,15:39:09",na
36074,Balmung,2.857143,0,2.857143,3639.2173,0,3639.2173,2520,0,2520,14700,0,14700,3149,50,True,True,Aumerics,"06/20/2022,15:39:09",na
36074,Balmung,2.857143,0,2.857143,3639.2173,0,3639.2173,2520,0,2520,14700,0,14700,5250,3,True,True,Devotion,"06/20/2022,17:28:35",na
36074,Balmung,2.857143,0,2.857143,3639.2173,0,3639.2173,2520,0,2520,14700,0,14700,5250,3,True,True,Devotion,"06/20/2022,17:28:35",na
36074,Balmung,2.857143,0,2.857143,3639.2173,0,3639.2173,2520,0,2520,14700,0,14700,5250,3,True,True,Devotion,"06/20/2022,17:28:35",na
36074,Balmung,2.857143,0,2.857143,3639.2173,0,3639.2173,2520,0,2520,14700,0,14700,6299,5,True,True,Aumericen,"06/20/2022,15:32:55",na
36074,Balmung,2.857143,0,2.857143,3639.2173,0,3639.2173,2520,0,2520,14700,0,14700,6299,5,True,True,Bestinslot,"06/20/2022,02:11:32",na
36074,Balmung,2.857143,0,2.857143,3639.2173,0,3639.2173,2520,0,2520,14700,0,14700,6299,5,True,True,Aumerics,"06/20/2022,15:39:09",na
36074,Balmung,2.857143,0,2.857143,3639.2173,0,3639.2173,2520,0,2520,14700,0,14700,14700,33,True,True,Terdon,"06/20/2022,09:20:16",na
36074,Brynhildr,2.857143,0,2.857143,2168.7097,0,2168.7097,2069,0,2069,13650,0,13650,2069,11,True,True,Batia,"06/20/2022,09:56:54",na
36074,Brynhildr,2.857143,0,2.857143,2168.7097,0,2168.7097,2069,0,2069,13650,0,13650,2074,11,True,True,Batia,"06/20/2022,09:56:54",na
36074,Brynhildr,2.857143,0,2.857143,2168.7097,0,2168.7097,2069,0,2069,13650,0,13650,2074,10,True,True,Batia,"06/20/2022,09:56:54",na
36074,Brynhildr,2.857143,0,2.857143,2168.7097,0,2168.7097,2069,0,2069,13650,0,13650,2081,99,True,True,Myfawnwy,"06/20/2022,10:51:26",na
36074,Brynhildr,2.857143,0,2.857143,2168.7097,0,2168.7097,2069,0,2069,13650,0,13650,2082,12,True,True,Nox'aeris,"06/20/2022,09:58:45",na
36074,Brynhildr,2.857143,0,2.857143,2168.7097,0,2168.7097,2069,0,2069,13650,0,13650,2082,12,True,True,Nox'aeris,"06/20/2022,09:58:45",na
36074,Brynhildr,2.857143,0,2.857143,2168.7097,0,2168.7097,2069,0,2069,13650,0,13650,2082,12,True,True,Nox'aeris,"06/20/2022,09:58:45",na
36074,Brynhildr,2.857143,0,2.857143,2168.7097,0,2168.7097,2069,0,2069,13650,0,13650,2082,12,True,True,Nox'aeris,"06/20/2022,09:58:45",na
36074,Brynhildr,2.857143,0,2.857143,2168.7097,0,2168.7097,2069,0,2069,13650,0,13650,2082,12,True,True,Nox'aeris,"06/20/2022,09:58:45",na
36074,Brynhildr,2.857143,0,2.857143,2168.7097,0,2168.7097,2069,0,2069,13650,0,13650,2082,40,True,True,Annakarenina,"06/20/2022,09:28:08",na
36074,Brynhildr,2.857143,0,2.857143,2168.7097,0,2168.7097,2069,0,2069,13650,0,13650,2082,12,True,True,Nox'aeris,"06/20/2022,09:58:45",na
36074,Brynhildr,2.857143,0,2.857143,2168.7097,0,2168.7097,2069,0,2069,13650,0,13650,2082,40,True,True,Annakarenina,"06/20/2022,09:28:08",na
36074,Brynhildr,2.857143,0,2.857143,2168.7097,0,2168.7097,2069,0,2069,13650,0,13650,2082,40,True,True,Annakarenina,"06/20/2022,09:28:08",na
36074,Brynhildr,2.857143,0,2.857143,2168.7097,0,2168.7097,2069,0,2069,13650,0,13650,2082,40,True,True,Annakarenina,"06/20/2022,09:28:08",na
36074,Brynhildr,2.857143,0,2.857143,2168.7097,0,2168.7097,2069,0,2069,13650,0,13650,2082,40,True,True,Annakarenina,"06/20/2022,09:28:08",na
36074,Brynhildr,2.857143,0,2.857143,2168.7097,0,2168.7097,2069,0,2069,13650,0,13650,2082,40,True,True,Annakarenina,"06/20/2022,09:28:08",na
36074,Brynhildr,2.857143,0,2.857143,2168.7097,0,2168.7097,2069,0,2069,13650,0,13650,2082,40,True,True,Annakarenina,"06/20/2022,09:28:08",na
36074,Brynhildr,2.857143,0,2.857143,2168.7097,0,2168.7097,2069,0,2069,13650,0,13650,2082,40,True,True,Annakarenina,"06/20/2022,09:28:08",na
36074,Brynhildr,2.857143,0,2.857143,2168.7097,0,2168.7097,2069,0,2069,13650,0,13650,2083,50,True,True,Schrutefarmer,"06/20/2022,17:58:31",na
36074,Brynhildr,2.857143,0,2.857143,2168.7097,0,2168.7097,2069,0,2069,13650,0,13650,2084,40,True,True,Annakarenina,"06/20/2022,09:28:08",na
36074,Brynhildr,2.857143,0,2.857143,2168.7097,0,2168.7097,2069,0,2069,13650,0,13650,2204,10,True,True,Lilliat,"06/20/2022,12:03:39",na
36074,Brynhildr,2.857143,0,2.857143,2168.7097,0,2168.7097,2069,0,2069,13650,0,13650,2204,10,True,True,Lilliat,"06/20/2022,12:03:39",na
36074,Brynhildr,2.857143,0,2.857143,2168.7097,0,2168.7097,2069,0,2069,13650,0,13650,2204,10,True,True,Lilliat,"06/20/2022,12:03:39",na
36074,Brynhildr,2.857143,0,2.857143,2168.7097,0,2168.7097,2069,0,2069,13650,0,13650,2205,30,True,True,Hyurussy,"06/20/2022,07:25:50",na
36074,Brynhildr,2.857143,0,2.857143,2168.7097,0,2168.7097,2069,0,2069,13650,0,13650,2205,30,True,True,Hyurussy,"06/20/2022,07:25:50",na
36074,Brynhildr,2.857143,0,2.857143,2168.7097,0,2168.7097,2069,0,2069,13650,0,13650,2205,30,True,True,Hyurussy,"06/20/2022,07:25:50",na
36074,Brynhildr,2.857143,0,2.857143,2168.7097,0,2168.7097,2069,0,2069,13650,0,13650,2205,30,True,True,Hyurussy,"06/20/2022,07:25:50",na
36074,Brynhildr,2.857143,0,2.857143,2168.7097,0,2168.7097,2069,0,2069,13650,0,13650,2310,20,True,True,Neliel-tu,"06/20/2022,01:35:04",na
36074,Brynhildr,2.857143,0,2.857143,2168.7097,0,2168.7097,2069,0,2069,13650,0,13650,2625,10,True,True,Amethystrose,"06/20/2022,10:08:48",na
36074,Brynhildr,2.857143,0,2.857143,2168.7097,0,2168.7097,2069,0,2069,13650,0,13650,2625,10,True,True,Amethystrose,"06/20/2022,10:08:48",na
36074,Brynhildr,2.857143,0,2.857143,2168.7097,0,2168.7097,2069,0,2069,13650,0,13650,2625,10,True,True,Amethystrose,"06/20/2022,10:08:48",na
36074,Brynhildr,2.857143,0,2.857143,2168.7097,0,2168.7097,2069,0,2069,13650,0,13650,13650,33,True,True,Nukata,"06/20/2022,09:59:34",na
36074,Brynhildr,2.857143,0,2.857143,2168.7097,0,2168.7097,2069,0,2069,13650,0,13650,13650,33,True,True,Uyta,"06/20/2022,10:02:46",na
36074,Brynhildr,2.857143,0,2.857143,2168.7097,0,2168.7097,2069,0,2069,13650,0,13650,13650,33,True,True,Imeldy,"06/20/2022,10:01:45",na
36074,Coeurl,2.857143,0.5714286,2.2857144,2645.6667,0,2645.6667,2099,0,2099,3570,0,3570,2099,51,True,True,Sand'oria,"06/20/2022,08:18:39",na
36074,Coeurl,2.857143,0.5714286,2.2857144,2645.6667,0,2645.6667,2099,0,2099,3570,0,3570,2100,20,True,True,Jacko'l,"06/20/2022,10:31:16",na
36074,Coeurl,2.857143,0.5714286,2.2857144,2645.6667,0,2645.6667,2099,0,2099,3570,0,3570,2100,20,True,True,Jacko'l,"06/20/2022,10:31:16",na
36074,Coeurl,2.857143,0.5714286,2.2857144,2645.6667,0,2645.6667,2099,0,2099,3570,0,3570,2100,20,True,True,Jacko'l,"06/20/2022,10:31:16",na
36074,Coeurl,2.857143,0.5714286,2.2857144,2645.6667,0,2645.6667,2099,0,2099,3570,0,3570,2100,20,True,True,Catfood,"06/20/2022,18:33:59",na
36074,Coeurl,2.857143,0.5714286,2.2857144,2645.6667,0,2645.6667,2099,0,2099,3570,0,3570,2100,20,True,True,Catfood,"06/20/2022,18:33:59",na
36074,Coeurl,2.857143,0.5714286,2.2857144,2645.6667,0,2645.6667,2099,0,2099,3570,0,3570,2100,20,True,True,Catfood,"06/20/2022,18:33:59",na
36074,Coeurl,2.857143,0.5714286,2.2857144,2645.6667,0,2645.6667,2099,0,2099,3570,0,3570,2100,20,True,True,Jacko'l,"06/20/2022,10:31:16",na
36074,Coeurl,2.857143,0.5714286,2.2857144,2645.6667,0,2645.6667,2099,0,2099,3570,0,3570,2100,20,True,True,Catfood,"06/20/2022,18:33:59",na
36074,Coeurl,2.857143,0.5714286,2.2857144,2645.6667,0,2645.6667,2099,0,2099,3570,0,3570,2100,20,True,True,Catfood,"06/20/2022,18:33:59",na
36074,Coeurl,2.857143,0.5714286,2.2857144,2645.6667,0,2645.6667,2099,0,2099,3570,0,3570,2100,20,True,True,Catfood,"06/20/2022,18:33:59",na
36074,Coeurl,2.857143,0.5714286,2.2857144,2645.6667,0,2645.6667,2099,0,2099,3570,0,3570,2100,20,True,True,Catfood,"06/20/2022,18:33:59",na
36074,Coeurl,2.857143,0.5714286,2.2857144,2645.6667,0,2645.6667,2099,0,2099,3570,0,3570,2100,20,True,True,Catfood,"06/20/2022,18:33:59",na
36074,Coeurl,2.857143,0.5714286,2.2857144,2645.6667,0,2645.6667,2099,0,2099,3570,0,3570,2100,20,True,True,Catfood,"06/20/2022,18:33:59",na
36074,Coeurl,2.857143,0.5714286,2.2857144,2645.6667,0,2645.6667,2099,0,2099,3570,0,3570,2100,20,True,True,Catfood,"06/20/2022,18:33:59",na
36074,Coeurl,2.857143,0.5714286,2.2857144,2645.6667,0,2645.6667,2099,0,2099,3570,0,3570,2100,20,True,True,Catfood,"06/20/2022,18:33:59",na
36074,Coeurl,2.857143,0.5714286,2.2857144,2645.6667,0,2645.6667,2099,0,2099,3570,0,3570,2100,20,True,True,Jacko'l,"06/20/2022,10:31:16",na
36074,Coeurl,2.857143,0.5714286,2.2857144,2645.6667,0,2645.6667,2099,0,2099,3570,0,3570,2100,20,True,True,Catfood,"06/20/2022,18:33:59",na
36074,Coeurl,2.857143,0.5714286,2.2857144,2645.6667,0,2645.6667,2099,0,2099,3570,0,3570,2100,20,True,True,Sunseeker,"06/20/2022,01:25:03",na
36074,Coeurl,2.857143,0.5714286,2.2857144,2645.6667,0,2645.6667,2099,0,2099,3570,0,3570,2100,20,True,True,Sunseeker,"06/20/2022,01:25:03",na
36074,Coeurl,2.857143,0.5714286,2.2857144,2645.6667,0,2645.6667,2099,0,2099,3570,0,3570,2100,20,True,True,Catfood,"06/20/2022,18:33:58",na
36074,Coeurl,2.857143,0.5714286,2.2857144,2645.6667,0,2645.6667,2099,0,2099,3570,0,3570,2100,20,True,True,Catfood,"06/20/2022,18:33:58",na
36074,Coeurl,2.857143,0.5714286,2.2857144,2645.6667,0,2645.6667,2099,0,2099,3570,0,3570,2100,20,True,True,Catfood,"06/20/2022,18:33:58",na
36074,Coeurl,2.857143,0.5714286,2.2857144,2645.6667,0,2645.6667,2099,0,2099,3570,0,3570,2100,20,True,True,Sunseeker,"06/20/2022,01:25:02",na
36074,Coeurl,2.857143,0.5714286,2.2857144,2645.6667,0,2645.6667,2099,0,2099,3570,0,3570,2100,20,True,True,Sunseeker,"06/20/2022,01:25:02",na
36074,Coeurl,2.857143,0.5714286,2.2857144,2645.6667,0,2645.6667,2099,0,2099,3570,0,3570,2100,20,True,True,Sunseeker,"06/20/2022,01:25:02",na
36074,Coeurl,2.857143,0.5714286,2.2857144,2645.6667,0,2645.6667,2099,0,2099,3570,0,3570,2100,20,True,True,Catfood,"06/20/2022,18:33:58",na
36074,Coeurl,2.857143,0.5714286,2.2857144,2645.6667,0,2645.6667,2099,0,2099,3570,0,3570,2100,20,True,True,Sunseeker,"06/20/2022,01:25:02",na
36074,Coeurl,2.857143,0.5714286,2.2857144,2645.6667,0,2645.6667,2099,0,2099,3570,0,3570,2100,20,True,True,Sunseeker,"06/20/2022,01:25:03",na
36074,Coeurl,2.857143,0.5714286,2.2857144,2645.6667,0,2645.6667,2099,0,2099,3570,0,3570,2100,20,True,True,Catfood,"06/20/2022,18:33:59",na
36074,Coeurl,2.857143,0.5714286,2.2857144,2645.6667,0,2645.6667,2099,0,2099,3570,0,3570,2100,20,True,True,Catfood,"06/20/2022,18:33:59",na
36074,Coeurl,2.857143,0.5714286,2.2857144,2645.6667,0,2645.6667,2099,0,2099,3570,0,3570,2100,20,True,True,Sunseeker,"06/20/2022,01:25:03",na
36074,Coeurl,2.857143,0.5714286,2.2857144,2645.6667,0,2645.6667,2099,0,2099,3570,0,3570,2100,20,True,True,Catfood,"06/20/2022,18:33:59",na
36074,Coeurl,2.857143,0.5714286,2.2857144,2645.6667,0,2645.6667,2099,0,2099,3570,0,3570,2100,20,True,True,Sunseeker,"06/20/2022,01:25:03",na
36074,Coeurl,2.857143,0.5714286,2.2857144,2645.6667,0,2645.6667,2099,0,2099,3570,0,3570,2100,20,True,True,Sunseeker,"06/20/2022,01:25:02",na
36074,Coeurl,2.857143,0.5714286,2.2857144,2645.6667,0,2645.6667,2099,0,2099,3570,0,3570,2520,30,True,True,Foodpouch,"06/20/2022,08:40:32",na
36074,Coeurl,2.857143,0.5714286,2.2857144,2645.6667,0,2645.6667,2099,0,2099,3570,0,3570,2520,30,True,True,Foodpouch,"06/20/2022,08:40:32",na
36074,Coeurl,2.857143,0.5714286,2.2857144,2645.6667,0,2645.6667,2099,0,2099,3570,0,3570,2520,30,True,True,Foodpouch,"06/20/2022,08:40:32",na
36074,Coeurl,2.857143,0.5714286,2.2857144,2645.6667,0,2645.6667,2099,0,2099,3570,0,3570,2835,99,True,True,Foodpouch,"06/20/2022,08:40:32",na
36074,Coeurl,2.857143,0.5714286,2.2857144,2645.6667,0,2645.6667,2099,0,2099,3570,0,3570,2835,99,True,True,Foodpouch,"06/20/2022,08:40:32",na
36074,Coeurl,2.857143,0.5714286,2.2857144,2645.6667,0,2645.6667,2099,0,2099,3570,0,3570,2835,99,True,True,Foodpouch,"06/20/2022,08:40:33",na
36074,Coeurl,2.857143,0.5714286,2.2857144,2645.6667,0,2645.6667,2099,0,2099,3570,0,3570,3150,15,True,True,Coshime,"06/20/2022,10:11:39",na
36074,Coeurl,2.857143,0.5714286,2.2857144,2645.6667,0,2645.6667,2099,0,2099,3570,0,3570,3150,15,True,True,Coshita,"06/20/2022,10:11:52",na
36074,Coeurl,2.857143,0.5714286,2.2857144,2645.6667,0,2645.6667,2099,0,2099,3570,0,3570,3150,15,True,True,Coshita,"06/20/2022,10:11:52",na
36074,Coeurl,2.857143,0.5714286,2.2857144,2645.6667,0,2645.6667,2099,0,2099,3570,0,3570,3150,15,True,True,Coshita,"06/20/2022,10:11:52",na
36074,Coeurl,2.857143,0.5714286,2.2857144,2645.6667,0,2645.6667,2099,0,2099,3570,0,3570,3150,15,True,True,Coshime,"06/20/2022,10:11:39",na
36074,Coeurl,2.857143,0.5714286,2.2857144,2645.6667,0,2645.6667,2099,0,2099,3570,0,3570,3150,20,True,True,Beigent,"06/20/2022,08:18:07",na
36074,Coeurl,2.857143,0.5714286,2.2857144,2645.6667,0,2645.6667,2099,0,2099,3570,0,3570,3150,15,True,True,Coshime,"06/20/2022,10:11:39",na
36074,Coeurl,2.857143,0.5714286,2.2857144,2645.6667,0,2645.6667,2099,0,2099,3570,0,3570,3150,15,True,True,Coshita,"06/20/2022,10:11:52",na
36074,Coeurl,2.857143,0.5714286,2.2857144,2645.6667,0,2645.6667,2099,0,2099,3570,0,3570,3150,15,True,True,Coshime,"06/20/2022,10:11:39",na
36074,Coeurl,2.857143,0.5714286,2.2857144,2645.6667,0,2645.6667,2099,0,2099,3570,0,3570,3150,15,True,True,Coshime,"06/20/2022,10:11:39",na
36074,Coeurl,2.857143,0.5714286,2.2857144,2645.6667,0,2645.6667,2099,0,2099,3570,0,3570,3570,20,True,True,Bossbabe,"06/20/2022,04:40:40",na
36074,Coeurl,2.857143,0.5714286,2.2857144,2645.6667,0,2645.6667,2099,0,2099,3570,0,3570,3570,20,True,True,Bossbabe,"06/20/2022,04:40:40",na
36074,Coeurl,2.857143,0.5714286,2.2857144,2645.6667,0,2645.6667,2099,0,2099,3570,0,3570,3570,20,True,True,Bossbabe,"06/20/2022,04:40:40",na
36074,Coeurl,2.857143,0.5714286,2.2857144,2645.6667,0,2645.6667,2099,0,2099,3570,0,3570,3570,20,True,True,Bossbabe,"06/20/2022,04:40:40",na
36074,Coeurl,2.857143,0.5714286,2.2857144,2645.6667,0,2645.6667,2099,0,2099,3570,0,3570,3570,20,True,True,Bossbabe,"06/20/2022,04:40:39",na
36074,Coeurl,2.857143,0.5714286,2.2857144,2645.6667,0,2645.6667,2099,0,2099,3570,0,3570,3570,20,True,True,Bossbabe,"06/20/2022,04:40:39",na
36074,Coeurl,2.857143,0.5714286,2.2857144,2645.6667,0,2645.6667,2099,0,2099,3570,0,3570,3570,20,True,True,Bossbabe,"06/20/2022,04:40:39",na
36074,Coeurl,2.857143,0.5714286,2.2857144,2645.6667,0,2645.6667,2099,0,2099,3570,0,3570,3570,20,True,True,Thighlanderr,"06/20/2022,04:40:45",na
36074,Coeurl,2.857143,0.5714286,2.2857144,2645.6667,0,2645.6667,2099,0,2099,3570,0,3570,3570,20,True,True,Thighlanderr,"06/20/2022,04:40:45",na
36074,Coeurl,2.857143,0.5714286,2.2857144,2645.6667,0,2645.6667,2099,0,2099,3570,0,3570,3570,20,True,True,Thighlanderr,"06/20/2022,04:40:45",na
36074,Coeurl,2.857143,0.5714286,2.2857144,2645.6667,0,2645.6667,2099,0,2099,3570,0,3570,3570,20,True,True,Thighlanderr,"06/20/2022,04:40:45",na
36074,Coeurl,2.857143,0.5714286,2.2857144,2645.6667,0,2645.6667,2099,0,2099,3570,0,3570,3570,25,True,True,Thighlanderr,"06/20/2022,04:40:45",na
36074,Coeurl,2.857143,0.5714286,2.2857144,2645.6667,0,2645.6667,2099,0,2099,3570,0,3570,3570,20,True,True,Bossbabe,"06/20/2022,04:40:40",na
36074,Coeurl,2.857143,0.5714286,2.2857144,2645.6667,0,2645.6667,2099,0,2099,3570,0,3570,3570,20,True,True,Bossbabe,"06/20/2022,04:40:39",na
36074,Coeurl,2.857143,0.5714286,2.2857144,2645.6667,0,2645.6667,2099,0,2099,3570,0,3570,3570,16,True,True,Thighlanderr,"06/20/2022,04:40:46",na
36074,Diabolos,2.857143,0.2857143,2.5714285,3263,7838.5,2676.2,1575,1575,2221,14102,14102,9975,1575,3,False,True,Ralais,"06/20/2022,15:06:03",na
36074,Diabolos,2.857143,0.2857143,2.5714285,3263,7838.5,2676.2,1575,1575,2221,14102,14102,9975,2221,30,True,True,Ralais,"06/20/2022,15:06:03",na
36074,Diabolos,2.857143,0.2857143,2.5714285,3263,7838.5,2676.2,1575,1575,2221,14102,14102,9975,2221,30,True,True,Ralais,"06/20/2022,15:06:03",na
36074,Diabolos,2.857143,0.2857143,2.5714285,3263,7838.5,2676.2,1575,1575,2221,14102,14102,9975,2221,6,True,True,Ralais,"06/20/2022,15:06:03",na
36074,Diabolos,2.857143,0.2857143,2.5714285,3263,7838.5,2676.2,1575,1575,2221,14102,14102,9975,2589,99,True,True,Aste,"06/20/2022,04:05:59",na
36074,Diabolos,2.857143,0.2857143,2.5714285,3263,7838.5,2676.2,1575,1575,2221,14102,14102,9975,2589,99,True,True,Aste,"06/20/2022,04:05:59",na
36074,Diabolos,2.857143,0.2857143,2.5714285,3263,7838.5,2676.2,1575,1575,2221,14102,14102,9975,2596,50,True,True,Faremaker,"06/20/2022,02:33:36",na
36074,Diabolos,2.857143,0.2857143,2.5714285,3263,7838.5,2676.2,1575,1575,2221,14102,14102,9975,2596,50,True,True,Faremaker,"06/20/2022,02:33:36",na
36074,Diabolos,2.857143,0.2857143,2.5714285,3263,7838.5,2676.2,1575,1575,2221,14102,14102,9975,2596,50,True,True,Faremaker,"06/20/2022,02:33:36",na
36074,Diabolos,2.857143,0.2857143,2.5714285,3263,7838.5,2676.2,1575,1575,2221,14102,14102,9975,2596,50,True,True,Faremaker,"06/20/2022,02:33:36",na
36074,Diabolos,2.857143,0.2857143,2.5714285,3263,7838.5,2676.2,1575,1575,2221,14102,14102,9975,2596,99,True,True,Vychen,"06/20/2022,05:08:23",na
36074,Diabolos,2.857143,0.2857143,2.5714285,3263,7838.5,2676.2,1575,1575,2221,14102,14102,9975,2596,99,True,True,Vychen,"06/20/2022,05:08:23",na
36074,Diabolos,2.857143,0.2857143,2.5714285,3263,7838.5,2676.2,1575,1575,2221,14102,14102,9975,2596,99,True,True,Vychen,"06/20/2022,05:08:23",na
36074,Diabolos,2.857143,0.2857143,2.5714285,3263,7838.5,2676.2,1575,1575,2221,14102,14102,9975,2597,1,True,True,Chocobaka,"06/20/2022,14:32:33",na
36074,Diabolos,2.857143,0.2857143,2.5714285,3263,7838.5,2676.2,1575,1575,2221,14102,14102,9975,2603,20,True,True,Led'zeppelin,"06/20/2022,06:04:14",na
36074,Diabolos,2.857143,0.2857143,2.5714285,3263,7838.5,2676.2,1575,1575,2221,14102,14102,9975,2603,20,True,True,Led'zeppelin,"06/20/2022,06:04:14",na
36074,Diabolos,2.857143,0.2857143,2.5714285,3263,7838.5,2676.2,1575,1575,2221,14102,14102,9975,2604,99,True,True,Equip-one,"06/20/2022,11:23:20",na
36074,Diabolos,2.857143,0.2857143,2.5714285,3263,7838.5,2676.2,1575,1575,2221,14102,14102,9975,2604,51,True,True,Equip-one,"06/20/2022,11:23:20",na
36074,Diabolos,2.857143,0.2857143,2.5714285,3263,7838.5,2676.2,1575,1575,2221,14102,14102,9975,3150,5,True,True,Zerai,"06/20/2022,13:55:32",na
36074,Diabolos,2.857143,0.2857143,2.5714285,3263,7838.5,2676.2,1575,1575,2221,14102,14102,9975,3150,5,True,True,Zerai,"06/20/2022,13:55:32",na
36074,Diabolos,2.857143,0.2857143,2.5714285,3263,7838.5,2676.2,1575,1575,2221,14102,14102,9975,4200,3,True,True,Yue-stellaria,"06/19/2022,23:26:38",na
36074,Diabolos,2.857143,0.2857143,2.5714285,3263,7838.5,2676.2,1575,1575,2221,14102,14102,9975,9975,3,True,True,Hya,"06/20/2022,00:25:37",na
36074,Diabolos,2.857143,0.2857143,2.5714285,3263,7838.5,2676.2,1575,1575,2221,14102,14102,9975,9975,3,True,True,Hya,"06/20/2022,00:25:37",na
36074,Diabolos,2.857143,0.2857143,2.5714285,3263,7838.5,2676.2,1575,1575,2221,14102,14102,9975,14102,1,False,True,Lizea,"06/20/2022,00:07:23",na
36074,Goblin,2.857143,0.14285715,2.7142856,2449.8948,1365,2614.2727,1365,1365,2204,14700,1365,14700,1365,7,False,True,Rufas,"06/20/2022,09:36:59",na
36074,Goblin,2.857143,0.14285715,2.7142856,2449.8948,1365,2614.2727,1365,1365,2204,14700,1365,14700,1365,5,False,True,Rufas,"06/20/2022,09:36:59",na
36074,Goblin,2.857143,0.14285715,2.7142856,2449.8948,1365,2614.2727,1365,1365,2204,14700,1365,14700,1365,5,False,True,Rufas,"06/20/2022,09:36:59",na
36074,Goblin,2.857143,0.14285715,2.7142856,2449.8948,1365,2614.2727,1365,1365,2204,14700,1365,14700,1365,5,False,True,Rufas,"06/20/2022,09:36:59",na
36074,Goblin,2.857143,0.14285715,2.7142856,2449.8948,1365,2614.2727,1365,1365,2204,14700,1365,14700,1365,5,False,True,Rufas,"06/20/2022,09:36:59",na
36074,Goblin,2.857143,0.14285715,2.7142856,2449.8948,1365,2614.2727,1365,1365,2204,14700,1365,14700,2204,99,True,True,Emi'chan,"06/20/2022,08:30:31",na
36074,Goblin,2.857143,0.14285715,2.7142856,2449.8948,1365,2614.2727,1365,1365,2204,14700,1365,14700,2204,99,True,True,Emi'chan,"06/20/2022,08:30:31",na
36074,Goblin,2.857143,0.14285715,2.7142856,2449.8948,1365,2614.2727,1365,1365,2204,14700,1365,14700,2205,63,True,True,Emi'chan,"06/20/2022,08:30:31",na
36074,Goblin,2.857143,0.14285715,2.7142856,2449.8948,1365,2614.2727,1365,1365,2204,14700,1365,14700,2205,2,True,True,Heavens-legend,"06/20/2022,09:15:04",na
36074,Goblin,2.857143,0.14285715,2.7142856,2449.8948,1365,2614.2727,1365,1365,2204,14700,1365,14700,2411,99,True,True,Ebabe,"06/20/2022,08:23:43",na
36074,Goblin,2.857143,0.14285715,2.7142856,2449.8948,1365,2614.2727,1365,1365,2204,14700,1365,14700,2411,99,True,True,Ebabe,"06/20/2022,08:23:44",na
36074,Goblin,2.857143,0.14285715,2.7142856,2449.8948,1365,2614.2727,1365,1365,2204,14700,1365,14700,2411,99,True,True,Ebabe,"06/20/2022,08:23:44",na
36074,Goblin,2.857143,0.14285715,2.7142856,2449.8948,1365,2614.2727,1365,1365,2204,14700,1365,14700,2415,3,True,True,Bahara,"06/20/2022,09:14:51",na
36074,Goblin,2.857143,0.14285715,2.7142856,2449.8948,1365,2614.2727,1365,1365,2204,14700,1365,14700,2415,3,True,True,Bahara,"06/20/2022,09:14:51",na
36074,Goblin,2.857143,0.14285715,2.7142856,2449.8948,1365,2614.2727,1365,1365,2204,14700,1365,14700,2415,3,True,True,Bahara,"06/20/2022,09:14:51",na
36074,Goblin,2.857143,0.14285715,2.7142856,2449.8948,1365,2614.2727,1365,1365,2204,14700,1365,14700,2415,3,True,True,Bahara,"06/20/2022,09:14:51",na
36074,Goblin,2.857143,0.14285715,2.7142856,2449.8948,1365,2614.2727,1365,1365,2204,14700,1365,14700,2415,3,True,True,Bahara,"06/20/2022,09:14:51",na
36074,Goblin,2.857143,0.14285715,2.7142856,2449.8948,1365,2614.2727,1365,1365,2204,14700,1365,14700,2415,3,True,True,Bahara,"06/20/2022,09:14:51",na
36074,Goblin,2.857143,0.14285715,2.7142856,2449.8948,1365,2614.2727,1365,1365,2204,14700,1365,14700,2415,3,True,True,Bahara,"06/20/2022,09:14:51",na
36074,Goblin,2.857143,0.14285715,2.7142856,2449.8948,1365,2614.2727,1365,1365,2204,14700,1365,14700,2415,3,True,True,Bahara,"06/20/2022,09:14:51",na
36074,Goblin,2.857143,0.14285715,2.7142856,2449.8948,1365,2614.2727,1365,1365,2204,14700,1365,14700,2415,3,True,True,Bahara,"06/20/2022,09:14:51",na
36074,Goblin,2.857143,0.14285715,2.7142856,2449.8948,1365,2614.2727,1365,1365,2204,14700,1365,14700,2625,99,True,True,Jeffreyprestonbezos,"06/20/2022,05:14:25",na
36074,Goblin,2.857143,0.14285715,2.7142856,2449.8948,1365,2614.2727,1365,1365,2204,14700,1365,14700,2646,15,True,True,E'unie,"06/19/2022,22:15:35",na
36074,Goblin,2.857143,0.14285715,2.7142856,2449.8948,1365,2614.2727,1365,1365,2204,14700,1365,14700,2646,15,True,True,E'unie,"06/19/2022,22:15:35",na
36074,Goblin,2.857143,0.14285715,2.7142856,2449.8948,1365,2614.2727,1365,1365,2204,14700,1365,14700,2646,15,True,True,E'unie,"06/19/2022,22:15:35",na
36074,Goblin,2.857143,0.14285715,2.7142856,2449.8948,1365,2614.2727,1365,1365,2204,14700,1365,14700,2646,15,True,True,E'unie,"06/19/2022,22:15:35",na
36074,Goblin,2.857143,0.14285715,2.7142856,2449.8948,1365,2614.2727,1365,1365,2204,14700,1365,14700,2729,99,True,True,Ebabe,"06/20/2022,08:23:44",na
36074,Goblin,2.857143,0.14285715,2.7142856,2449.8948,1365,2614.2727,1365,1365,2204,14700,1365,14700,2729,99,True,True,Ebabe,"06/20/2022,08:23:44",na
36074,Goblin,2.857143,0.14285715,2.7142856,2449.8948,1365,2614.2727,1365,1365,2204,14700,1365,14700,2729,99,True,True,Ebabe,"06/20/2022,08:23:44",na
36074,Goblin,2.857143,0.14285715,2.7142856,2449.8948,1365,2614.2727,1365,1365,2204,14700,1365,14700,2729,99,True,True,Ebabe,"06/20/2022,08:23:44",na
36074,Goblin,2.857143,0.14285715,2.7142856,2449.8948,1365,2614.2727,1365,1365,2204,14700,1365,14700,2730,10,True,True,Lionelle,"06/19/2022,18:53:28",na
36074,Goblin,2.857143,0.14285715,2.7142856,2449.8948,1365,2614.2727,1365,1365,2204,14700,1365,14700,2730,10,True,True,Lionelle,"06/19/2022,18:53:28",na
36074,Goblin,2.857143,0.14285715,2.7142856,2449.8948,1365,2614.2727,1365,1365,2204,14700,1365,14700,2730,10,True,True,Lionelle,"06/19/2022,18:53:28",na
36074,Goblin,2.857143,0.14285715,2.7142856,2449.8948,1365,2614.2727,1365,1365,2204,14700,1365,14700,2730,10,True,True,Lionelle,"06/19/2022,18:53:28",na
36074,Goblin,2.857143,0.14285715,2.7142856,2449.8948,1365,2614.2727,1365,1365,2204,14700,1365,14700,2730,10,True,True,Lionelle,"06/19/2022,18:53:28",na
36074,Goblin,2.857143,0.14285715,2.7142856,2449.8948,1365,2614.2727,1365,1365,2204,14700,1365,14700,2730,10,True,True,Estabonne,"06/19/2022,18:54:56",na
36074,Goblin,2.857143,0.14285715,2.7142856,2449.8948,1365,2614.2727,1365,1365,2204,14700,1365,14700,2730,10,True,True,Estabonne,"06/19/2022,18:54:56",na
36074,Goblin,2.857143,0.14285715,2.7142856,2449.8948,1365,2614.2727,1365,1365,2204,14700,1365,14700,5250,3,True,True,Marilleux,"06/19/2022,20:51:36",na
36074,Goblin,2.857143,0.14285715,2.7142856,2449.8948,1365,2614.2727,1365,1365,2204,14700,1365,14700,14700,33,True,True,Joguth,"06/20/2022,08:16:04",na
36074,Malboro,2.857143,0.2857143,2.5714285,2852.12,0,2852.12,2135,0,2135,4724,0,4724,2135,24,True,True,Lailia,"06/20/2022,14:51:00",na
36074,Malboro,2.857143,0.2857143,2.5714285,2852.12,0,2852.12,2135,0,2135,4724,0,4724,2136,52,True,True,Suspicious,"06/20/2022,14:54:11",na
36074,Malboro,2.857143,0.2857143,2.5714285,2852.12,0,2852.12,2135,0,2135,4724,0,4724,2137,99,True,True,Dacu,"06/20/2022,11:06:41",na
36074,Malboro,2.857143,0.2857143,2.5714285,2852.12,0,2852.12,2135,0,2135,4724,0,4724,2137,99,True,True,Dacu,"06/20/2022,11:06:41",na
36074,Malboro,2.857143,0.2857143,2.5714285,2852.12,0,2852.12,2135,0,2135,4724,0,4724,2137,99,True,True,Dacu,"06/20/2022,11:06:41",na
36074,Malboro,2.857143,0.2857143,2.5714285,2852.12,0,2852.12,2135,0,2135,4724,0,4724,2140,36,True,True,Draga,"06/20/2022,06:31:24",na
36074,Malboro,2.857143,0.2857143,2.5714285,2852.12,0,2852.12,2135,0,2135,4724,0,4724,2141,99,True,True,Linndell,"06/20/2022,01:23:55",na
36074,Malboro,2.857143,0.2857143,2.5714285,2852.12,0,2852.12,2135,0,2135,4724,0,4724,2150,99,True,True,Aarilla,"06/16/2022,19:41:36",na
36074,Malboro,2.857143,0.2857143,2.5714285,2852.12,0,2852.12,2135,0,2135,4724,0,4724,2168,99,True,True,Ugh,"06/20/2022,01:03:26",na
36074,Malboro,2.857143,0.2857143,2.5714285,2852.12,0,2852.12,2135,0,2135,4724,0,4724,2168,99,True,True,Ugh,"06/20/2022,01:03:26",na
36074,Malboro,2.857143,0.2857143,2.5714285,2852.12,0,2852.12,2135,0,2135,4724,0,4724,2203,99,True,True,Minerdude,"06/20/2022,09:10:29",na
36074,Malboro,2.857143,0.2857143,2.5714285,2852.12,0,2852.12,2135,0,2135,4724,0,4724,2203,99,True,True,Minerdude,"06/20/2022,09:10:29",na
36074,Malboro,2.857143,0.2857143,2.5714285,2852.12,0,2852.12,2135,0,2135,4724,0,4724,2203,99,True,True,Minerdude,"06/20/2022,09:10:29",na
36074,Malboro,2.857143,0.2857143,2.5714285,2852.12,0,2852.12,2135,0,2135,4724,0,4724,2203,99,True,True,Minerdude,"06/20/2022,09:10:29",na
36074,Malboro,2.857143,0.2857143,2.5714285,2852.12,0,2852.12,2135,0,2135,4724,0,4724,2203,99,True,True,Minerdude,"06/20/2022,09:10:29",na
36074,Malboro,2.857143,0.2857143,2.5714285,2852.12,0,2852.12,2135,0,2135,4724,0,4724,2203,99,True,True,Minerdude,"06/20/2022,09:10:29",na
36074,Malboro,2.857143,0.2857143,2.5714285,2852.12,0,2852.12,2135,0,2135,4724,0,4724,2310,10,True,True,Lacan,"06/20/2022,17:11:47",na
36074,Malboro,2.857143,0.2857143,2.5714285,2852.12,0,2852.12,2135,0,2135,4724,0,4724,2835,91,True,True,Dagneytaggart,"06/20/2022,02:48:10",na
36074,Malboro,2.857143,0.2857143,2.5714285,2852.12,0,2852.12,2135,0,2135,4724,0,4724,4199,10,True,True,All-you-can-eat,"06/20/2022,17:44:47",na
36074,Malboro,2.857143,0.2857143,2.5714285,2852.12,0,2852.12,2135,0,2135,4724,0,4724,4199,10,True,True,All-you-can-eat,"06/20/2022,17:44:47",na
36074,Malboro,2.857143,0.2857143,2.5714285,2852.12,0,2852.12,2135,0,2135,4724,0,4724,4200,99,True,True,Harrysolomon,"06/20/2022,11:59:44",na
36074,Malboro,2.857143,0.2857143,2.5714285,2852.12,0,2852.12,2135,0,2135,4724,0,4724,4721,66,True,True,Midnight-jade,"06/20/2022,05:59:59",na
36074,Malboro,2.857143,0.2857143,2.5714285,2852.12,0,2852.12,2135,0,2135,4724,0,4724,4724,3,True,True,All-you-can-eat,"06/20/2022,17:44:47",na
36074,Malboro,2.857143,0.2857143,2.5714285,2852.12,0,2852.12,2135,0,2135,4724,0,4724,4724,3,True,True,All-you-can-eat,"06/20/2022,17:44:47",na
36074,Malboro,2.857143,0.2857143,2.5714285,2852.12,0,2852.12,2135,0,2135,4724,0,4724,4724,3,True,True,All-you-can-eat,"06/20/2022,17:44:47",na
36074,Mateus,2.857143,0,2.857143,2669.05,2520,2672.8718,2410,2520,2410,5250,2520,5250,2410,5,True,True,Trachyneidin,"06/20/2022,10:18:44",na
36074,Mateus,2.857143,0,2.857143,2669.05,2520,2672.8718,2410,2520,2410,5250,2520,5250,2410,5,True,True,Trachyneidin,"06/20/2022,10:18:44",na
36074,Mateus,2.857143,0,2.857143,2669.05,2520,2672.8718,2410,2520,2410,5250,2520,5250,2410,5,True,True,Yoro,"06/20/2022,10:18:05",na
36074,Mateus,2.857143,0,2.857143,2669.05,2520,2672.8718,2410,2520,2410,5250,2520,5250,2415,22,True,True,Sarnai',"06/20/2022,10:10:26",na
36074,Mateus,2.857143,0,2.857143,2669.05,2520,2672.8718,2410,2520,2410,5250,2520,5250,2415,20,True,True,Sarnai',"06/20/2022,10:10:26",na
36074,Mateus,2.857143,0,2.857143,2669.05,2520,2672.8718,2410,2520,2410,5250,2520,5250,2415,20,True,True,Sarnai',"06/20/2022,10:10:26",na
36074,Mateus,2.857143,0,2.857143,2669.05,2520,2672.8718,2410,2520,2410,5250,2520,5250,2415,20,True,True,Sarnai',"06/20/2022,10:10:26",na
36074,Mateus,2.857143,0,2.857143,2669.05,2520,2672.8718,2410,2520,2410,5250,2520,5250,2415,20,True,True,Sarnai',"06/20/2022,10:10:26",na
36074,Mateus,2.857143,0,2.857143,2669.05,2520,2672.8718,2410,2520,2410,5250,2520,5250,2520,3,False,True,Lljna,"06/20/2022,10:21:14",na
36074,Mateus,2.857143,0,2.857143,2669.05,2520,2672.8718,2410,2520,2410,5250,2520,5250,2520,52,True,True,Lljna,"06/20/2022,10:21:14",na
36074,Mateus,2.857143,0,2.857143,2669.05,2520,2672.8718,2410,2520,2410,5250,2520,5250,2520,99,True,True,Bugu,"06/20/2022,18:08:25",na
36074,Mateus,2.857143,0,2.857143,2669.05,2520,2672.8718,2410,2520,2410,5250,2520,5250,2520,99,True,True,Bugu,"06/20/2022,18:08:24",na
36074,Mateus,2.857143,0,2.857143,2669.05,2520,2672.8718,2410,2520,2410,5250,2520,5250,2520,99,True,True,Bugu,"06/20/2022,18:08:24",na
36074,Mateus,2.857143,0,2.857143,2669.05,2520,2672.8718,2410,2520,2410,5250,2520,5250,2571,20,True,True,D'vir,"06/20/2022,14:55:16",na
36074,Mateus,2.857143,0,2.857143,2669.05,2520,2672.8718,2410,2520,2410,5250,2520,5250,2571,20,True,True,D'vir,"06/20/2022,14:55:16",na
36074,Mateus,2.857143,0,2.857143,2669.05,2520,2672.8718,2410,2520,2410,5250,2520,5250,2571,20,True,True,D'vir,"06/20/2022,14:55:16",na
36074,Mateus,2.857143,0,2.857143,2669.05,2520,2672.8718,2410,2520,2410,5250,2520,5250,2573,20,True,True,Kayte,"06/20/2022,10:54:03",na
36074,Mateus,2.857143,0,2.857143,2669.05,2520,2672.8718,2410,2520,2410,5250,2520,5250,2573,10,True,True,Kayte,"06/20/2022,10:54:03",na
36074,Mateus,2.857143,0,2.857143,2669.05,2520,2672.8718,2410,2520,2410,5250,2520,5250,2603,20,True,True,Lluz,"06/20/2022,06:45:43",na
36074,Mateus,2.857143,0,2.857143,2669.05,2520,2672.8718,2410,2520,2410,5250,2520,5250,2603,20,True,True,Lluz,"06/20/2022,06:45:43",na
36074,Mateus,2.857143,0,2.857143,2669.05,2520,2672.8718,2410,2520,2410,5250,2520,5250,2603,20,True,True,Lluz,"06/20/2022,06:45:43",na
36074,Mateus,2.857143,0,2.857143,2669.05,2520,2672.8718,2410,2520,2410,5250,2520,5250,2603,20,True,True,Lluz,"06/20/2022,06:45:43",na
36074,Mateus,2.857143,0,2.857143,2669.05,2520,2672.8718,2410,2520,2410,5250,2520,5250,2603,20,True,True,Lluz,"06/20/2022,06:45:43",na
36074,Mateus,2.857143,0,2.857143,2669.05,2520,2672.8718,2410,2520,2410,5250,2520,5250,2603,20,True,True,Lluz,"06/20/2022,06:45:43",na
36074,Mateus,2.857143,0,2.857143,2669.05,2520,2672.8718,2410,2520,2410,5250,2520,5250,2666,99,True,True,Mariya-takeuchi,"06/20/2022,10:53:03",na
36074,Mateus,2.857143,0,2.857143,2669.05,2520,2672.8718,2410,2520,2410,5250,2520,5250,2666,33,True,True,Mariya-takeuchi,"06/20/2022,10:53:03",na
36074,Mateus,2.857143,0,2.857143,2669.05,2520,2672.8718,2410,2520,2410,5250,2520,5250,2666,33,True,True,Mariya-takeuchi,"06/20/2022,10:53:03",na
36074,Mateus,2.857143,0,2.857143,2669.05,2520,2672.8718,2410,2520,2410,5250,2520,5250,2666,33,True,True,Mariya-takeuchi,"06/20/2022,10:53:03",na
36074,Mateus,2.857143,0,2.857143,2669.05,2520,2672.8718,2410,2520,2410,5250,2520,5250,2709,3,True,True,Bitcc,"06/20/2022,09:43:02",na
36074,Mateus,2.857143,0,2.857143,2669.05,2520,2672.8718,2410,2520,2410,5250,2520,5250,2709,20,True,True,Miqoservant,"06/20/2022,22:29:07",na
36074,Mateus,2.857143,0,2.857143,2669.05,2520,2672.8718,2410,2520,2410,5250,2520,5250,2709,20,True,True,Miqoservant,"06/20/2022,22:29:07",na
36074,Mateus,2.857143,0,2.857143,2669.05,2520,2672.8718,2410,2520,2410,5250,2520,5250,2709,20,True,True,Miqoservant,"06/20/2022,22:29:07",na
36074,Mateus,2.857143,0,2.857143,2669.05,2520,2672.8718,2410,2520,2410,5250,2520,5250,2709,20,True,True,Miqoservant,"06/20/2022,22:29:07",na
36074,Mateus,2.857143,0,2.857143,2669.05,2520,2672.8718,2410,2520,2410,5250,2520,5250,2709,20,True,True,Miqoservant,"06/20/2022,22:29:07",na
36074,Mateus,2.857143,0,2.857143,2669.05,2520,2672.8718,2410,2520,2410,5250,2520,5250,2709,99,True,True,Miqoservant,"06/20/2022,22:29:07",na
36074,Mateus,2.857143,0,2.857143,2669.05,2520,2672.8718,2410,2520,2410,5250,2520,5250,2709,99,True,True,Miqoservant,"06/20/2022,22:29:07",na
36074,Mateus,2.857143,0,2.857143,2669.05,2520,2672.8718,2410,2520,2410,5250,2520,5250,2822,33,True,True,T'heloc,"06/20/2022,20:47:41",na
36074,Mateus,2.857143,0,2.857143,2669.05,2520,2672.8718,2410,2520,2410,5250,2520,5250,2822,33,True,True,T'heloc,"06/20/2022,20:47:41",na
36074,Mateus,2.857143,0,2.857143,2669.05,2520,2672.8718,2410,2520,2410,5250,2520,5250,4200,10,True,True,Valkyrae,"06/20/2022,11:25:57",na
36074,Mateus,2.857143,0,2.857143,2669.05,2520,2672.8718,2410,2520,2410,5250,2520,5250,4200,10,True,True,Valkyrae,"06/20/2022,11:25:57",na
36074,Mateus,2.857143,0,2.857143,2669.05,2520,2672.8718,2410,2520,2410,5250,2520,5250,5250,3,True,True,Fridayx,"06/20/2022,15:46:36",na
36074,Zalera,2.857143,0,2.857143,2770.2942,3133,2759.303,2625,3133,2625,14700,3133,14700,2625,72,True,True,Rae'neh,"06/20/2022,09:55:00",na
36074,Zalera,2.857143,0,2.857143,2770.2942,3133,2759.303,2625,3133,2625,14700,3133,14700,2625,12,True,True,Luqa,"06/20/2022,09:20:13",na
36074,Zalera,2.857143,0,2.857143,2770.2942,3133,2759.303,2625,3133,2625,14700,3133,14700,2698,1,True,True,Chases-her-tail,"06/20/2022,19:41:41",na
36074,Zalera,2.857143,0,2.857143,2770.2942,3133,2759.303,2625,3133,2625,14700,3133,14700,2700,15,True,True,Poro,"06/20/2022,09:10:22",na
36074,Zalera,2.857143,0,2.857143,2770.2942,3133,2759.303,2625,3133,2625,14700,3133,14700,2700,15,True,True,Poro,"06/20/2022,09:10:22",na
36074,Zalera,2.857143,0,2.857143,2770.2942,3133,2759.303,2625,3133,2625,14700,3133,14700,2701,33,True,True,Safi'jiva,"06/20/2022,04:28:07",na
36074,Zalera,2.857143,0,2.857143,2770.2942,3133,2759.303,2625,3133,2625,14700,3133,14700,2701,33,True,True,Safi'jiva,"06/20/2022,04:28:07",na
36074,Zalera,2.857143,0,2.857143,2770.2942,3133,2759.303,2625,3133,2625,14700,3133,14700,2701,33,True,True,Safi'jiva,"06/20/2022,04:28:07",na
36074,Zalera,2.857143,0,2.857143,2770.2942,3133,2759.303,2625,3133,2625,14700,3133,14700,2701,33,True,True,Safi'jiva,"06/20/2022,04:28:07",na
36074,Zalera,2.857143,0,2.857143,2770.2942,3133,2759.303,2625,3133,2625,14700,3133,14700,2701,33,True,True,Safi'jiva,"06/20/2022,04:28:07",na
36074,Zalera,2.857143,0,2.857143,2770.2942,3133,2759.303,2625,3133,2625,14700,3133,14700,2701,33,True,True,Safi'jiva,"06/20/2022,04:28:07",na
36074,Zalera,2.857143,0,2.857143,2770.2942,3133,2759.303,2625,3133,2625,14700,3133,14700,2701,33,True,True,Safi'jiva,"06/20/2022,04:28:07",na
36074,Zalera,2.857143,0,2.857143,2770.2942,3133,2759.303,2625,3133,2625,14700,3133,14700,2701,33,True,True,Safi'jiva,"06/20/2022,04:28:07",na
36074,Zalera,2.857143,0,2.857143,2770.2942,3133,2759.303,2625,3133,2625,14700,3133,14700,2701,33,True,True,Safi'jiva,"06/20/2022,04:28:07",na
36074,Zalera,2.857143,0,2.857143,2770.2942,3133,2759.303,2625,3133,2625,14700,3133,14700,2701,33,True,True,Safi'jiva,"06/20/2022,04:28:07",na
36074,Zalera,2.857143,0,2.857143,2770.2942,3133,2759.303,2625,3133,2625,14700,3133,14700,2701,33,True,True,Safi'jiva,"06/20/2022,04:28:07",na
36074,Zalera,2.857143,0,2.857143,2770.2942,3133,2759.303,2625,3133,2625,14700,3133,14700,2701,33,True,True,Safi'jiva,"06/20/2022,04:28:07",na
36074,Zalera,2.857143,0,2.857143,2770.2942,3133,2759.303,2625,3133,2625,14700,3133,14700,2701,33,True,True,Safi'jiva,"06/20/2022,04:28:07",na
36074,Zalera,2.857143,0,2.857143,2770.2942,3133,2759.303,2625,3133,2625,14700,3133,14700,2701,33,True,True,Safi'jiva,"06/20/2022,04:28:07",na
36074,Zalera,2.857143,0,2.857143,2770.2942,3133,2759.303,2625,3133,2625,14700,3133,14700,2701,33,True,True,Safi'jiva,"06/20/2022,04:28:07",na
36074,Zalera,2.857143,0,2.857143,2770.2942,3133,2759.303,2625,3133,2625,14700,3133,14700,2706,4,True,True,Miss-pancakes,"06/20/2022,04:14:19",na
36074,Zalera,2.857143,0,2.857143,2770.2942,3133,2759.303,2625,3133,2625,14700,3133,14700,2706,4,True,True,Miss-pancakes,"06/20/2022,04:14:19",na
36074,Zalera,2.857143,0,2.857143,2770.2942,3133,2759.303,2625,3133,2625,14700,3133,14700,2706,4,True,True,Miss-pancakes,"06/20/2022,04:14:19",na
36074,Zalera,2.857143,0,2.857143,2770.2942,3133,2759.303,2625,3133,2625,14700,3133,14700,2708,20,True,True,Schmek,"06/20/2022,21:25:04",na
36074,Zalera,2.857143,0,2.857143,2770.2942,3133,2759.303,2625,3133,2625,14700,3133,14700,2709,99,True,True,Kanemi,"06/20/2022,10:57:54",na
36074,Zalera,2.857143,0,2.857143,2770.2942,3133,2759.303,2625,3133,2625,14700,3133,14700,2709,99,True,True,Kanemi,"06/20/2022,10:57:54",na
36074,Zalera,2.857143,0,2.857143,2770.2942,3133,2759.303,2625,3133,2625,14700,3133,14700,2709,99,True,True,Kanemi,"06/20/2022,10:57:54",na
36074,Zalera,2.857143,0,2.857143,2770.2942,3133,2759.303,2625,3133,2625,14700,3133,14700,2939,10,True,True,Retainalot,"06/20/2022,08:17:03",na
36074,Zalera,2.857143,0,2.857143,2770.2942,3133,2759.303,2625,3133,2625,14700,3133,14700,2939,10,True,True,Retainalot,"06/20/2022,08:17:03",na
36074,Zalera,2.857143,0,2.857143,2770.2942,3133,2759.303,2625,3133,2625,14700,3133,14700,2940,2,True,True,Pathos,"06/20/2022,10:15:09",na
36074,Zalera,2.857143,0,2.857143,2770.2942,3133,2759.303,2625,3133,2625,14700,3133,14700,3133,3,False,True,Khan-valli,"06/20/2022,10:54:10",na
36074,Zalera,2.857143,0,2.857143,2770.2942,3133,2759.303,2625,3133,2625,14700,3133,14700,3136,50,True,True,Bunboitwink,"06/20/2022,20:12:44",na
36074,Zalera,2.857143,0,2.857143,2770.2942,3133,2759.303,2625,3133,2625,14700,3133,14700,3137,10,True,True,Bunboitwink,"06/20/2022,20:12:44",na
36074,Zalera,2.857143,0,2.857143,2770.2942,3133,2759.303,2625,3133,2625,14700,3133,14700,3150,99,True,True,Bakesheep,"06/20/2022,09:45:32",na
36074,Zalera,2.857143,0,2.857143,2770.2942,3133,2759.303,2625,3133,2625,14700,3133,14700,14700,33,True,True,Sleeps,"06/20/2022,09:06:37",na
