itemID,Server,regularSaleVelocity,nqSalesVelocity,HQSalesVelocity,Price,Quantity,HQ,buyerName,Timestamp
26108,Balmung,0.42857143,0,0.42857143,28494,1,True,Beni'to Camelas,"06/15/2022,17:53:11"
26108,Balmung,0.42857143,0,0.42857143,55440,1,True,The Hellwalker,"06/14/2022,00:48:49"
26108,Balmung,0.42857143,0,0.42857143,55470,1,True,Erika Koutari,"06/10/2022,15:06:27"
26108,Balmung,0.42857143,0,0.42857143,55490,1,True,Katja Starfall,"06/05/2022,20:44:05"
26108,Balmung,0.42857143,0,0.42857143,59990,1,True,Katja Starfall,"06/05/2022,03:49:17"
26108,Balmung,0.42857143,0,0.42857143,59990,1,True,Y'nahra Rahl,"06/01/2022,09:18:23"
26108,Balmung,0.42857143,0,0.42857143,59990,1,True,Sorivian Evenfall,"05/30/2022,04:17:34"
26108,Balmung,0.42857143,0,0.42857143,29500,1,True,Emissary Themis,"05/29/2022,20:23:37"
26108,Balmung,0.42857143,0,0.42857143,30000,1,True,Hermund Hammerfist,"05/28/2022,04:58:02"
26108,Balmung,0.42857143,0,0.42857143,29490,1,True,Gemini Levinnise,"05/27/2022,19:29:51"
26108,Balmung,0.42857143,0,0.42857143,28850,1,True,A'tiqa Raha,"05/25/2022,14:24:43"
26108,Balmung,0.42857143,0,0.42857143,29490,1,True,Adam Vrilja,"05/25/2022,03:42:45"
26108,Balmung,0.42857143,0,0.42857143,20200,1,True,Comtryah Kersplat,"05/24/2022,00:08:05"
26108,Balmung,0.42857143,0,0.42857143,18000,1,True,Tarj Ki'irk,"05/23/2022,23:00:43"
26108,Balmung,0.42857143,0,0.42857143,15551,1,True,Beatrice Nightingale,"05/21/2022,16:20:49"
26108,Balmung,0.42857143,0,0.42857143,26499,1,True,Percival Hunter,"05/19/2022,01:32:50"
26108,Balmung,0.42857143,0,0.42857143,25000,1,True,Libra Asteri,"05/18/2022,07:41:26"
26108,Balmung,0.42857143,0,0.42857143,39988,1,True,Theron Sky,"05/15/2022,21:47:24"
26108,Balmung,0.42857143,0,0.42857143,39980,1,True,Ume Nori,"05/15/2022,19:38:41"
26108,Balmung,0.42857143,0,0.42857143,49990,1,True,Gantuya Kha,"05/14/2022,01:37:19"
26108,Balmung,0.42857143,0,0.42857143,89990,1,True,Raphael Costeu,"05/10/2022,02:23:40"
26108,Balmung,0.42857143,0,0.42857143,99990,1,True,Cirina Hypatus,"05/08/2022,01:19:36"
26108,Brynhildr,0.42857143,0,0.42857143,114990,1,True,Kuyuk Oroq,"06/15/2022,01:37:19"
26108,Brynhildr,0.42857143,0,0.42857143,45000,1,True,Senryo Kataribe,"06/11/2022,20:13:24"
26108,Brynhildr,0.42857143,0,0.42857143,44990,1,True,Richard Juarez,"06/11/2022,16:39:23"
26108,Brynhildr,0.42857143,0,0.42857143,38000,1,True,Kichiji Vonilla,"06/08/2022,14:09:04"
26108,Brynhildr,0.42857143,0,0.42857143,38000,1,True,Kichiji Vonilla,"06/08/2022,12:09:04"
26108,Brynhildr,0.42857143,0,0.42857143,37760,1,True,Vishi Windstalker,"06/07/2022,22:02:43"
26108,Brynhildr,0.42857143,0,0.42857143,37760,1,True,Vishi Windstalker,"06/07/2022,20:02:43"
26108,Brynhildr,0.42857143,0,0.42857143,37555,1,True,John Andro,"06/07/2022,17:24:02"
26108,Brynhildr,0.42857143,0,0.42857143,37555,1,True,John Andro,"06/07/2022,15:24:02"
26108,Brynhildr,0.42857143,0,0.42857143,39770,1,True,Cricket Nightingale,"06/03/2022,22:23:37"
26108,Brynhildr,0.42857143,0,0.42857143,39770,1,True,Cricket Nightingale,"06/03/2022,20:23:37"
26108,Brynhildr,0.42857143,0,0.42857143,41879,1,True,Amylase Enoreth,"06/01/2022,08:39:16"
26108,Brynhildr,0.42857143,0,0.42857143,41879,1,True,Amylase Enoreth,"06/01/2022,06:39:16"
26108,Brynhildr,0.42857143,0,0.42857143,41980,1,True,Corpus Dayglow,"05/31/2022,06:34:35"
26108,Brynhildr,0.42857143,0,0.42857143,41980,1,True,Corpus Dayglow,"05/31/2022,04:34:35"
26108,Brynhildr,0.42857143,0,0.42857143,41980,1,True,Amory Vorleth,"05/30/2022,22:02:26"
26108,Brynhildr,0.42857143,0,0.42857143,41980,1,True,Amory Vorleth,"05/30/2022,20:02:26"
26108,Brynhildr,0.42857143,0,0.42857143,42979,1,True,Kryptos Synne,"05/30/2022,06:22:37"
26108,Brynhildr,0.42857143,0,0.42857143,42979,1,True,Kryptos Synne,"05/30/2022,04:22:37"
26108,Brynhildr,0.42857143,0,0.42857143,20000,1,True,Shikieki Yamaxanadu,"05/29/2022,12:18:36"
26108,Brynhildr,0.42857143,0,0.42857143,20000,1,True,Shikieki Yamaxanadu,"05/29/2022,10:18:36"
26108,Brynhildr,0.42857143,0,0.42857143,20000,1,True,Shikieki Yamaxanadu,"05/29/2022,10:18:36"
26108,Brynhildr,0.42857143,0,0.42857143,20000,1,True,Shikieki Yamaxanadu,"05/29/2022,10:18:36"
26108,Brynhildr,0.42857143,0,0.42857143,47273,1,True,Breanna Windpath,"05/29/2022,02:55:49"
26108,Brynhildr,0.42857143,0,0.42857143,47270,1,True,Kichiji Vonilla,"05/29/2022,02:16:01"
26108,Brynhildr,0.42857143,0,0.42857143,47273,1,True,Breanna Windpath,"05/29/2022,00:55:49"
26108,Brynhildr,0.42857143,0,0.42857143,47273,1,True,Breanna Windpath,"05/29/2022,00:55:49"
26108,Brynhildr,0.42857143,0,0.42857143,47273,1,True,Breanna Windpath,"05/29/2022,00:55:49"
26108,Brynhildr,0.42857143,0,0.42857143,47270,1,True,Kichiji Vonilla,"05/29/2022,00:16:01"
26108,Brynhildr,0.42857143,0,0.42857143,47270,1,True,Kichiji Vonilla,"05/29/2022,00:16:01"
26108,Brynhildr,0.42857143,0,0.42857143,47270,1,True,Kichiji Vonilla,"05/29/2022,00:16:01"
26108,Brynhildr,0.42857143,0,0.42857143,48980,1,True,Ghor'eye Qestir,"05/28/2022,10:05:50"
26108,Brynhildr,0.42857143,0,0.42857143,48980,1,True,Ghor'eye Qestir,"05/28/2022,08:05:50"
26108,Brynhildr,0.42857143,0,0.42857143,48980,1,True,Ghor'eye Qestir,"05/28/2022,08:05:50"
26108,Brynhildr,0.42857143,0,0.42857143,48980,1,True,Ghor'eye Qestir,"05/28/2022,08:05:50"
26108,Brynhildr,0.42857143,0,0.42857143,32400,1,True,Elzhard Belial,"05/24/2022,06:00:28"
26108,Brynhildr,0.42857143,0,0.42857143,32400,1,True,Elzhard Belial,"05/24/2022,04:00:28"
26108,Brynhildr,0.42857143,0,0.42857143,32400,1,True,Elzhard Belial,"05/24/2022,04:00:28"
26108,Brynhildr,0.42857143,0,0.42857143,32400,1,True,Elzhard Belial,"05/24/2022,04:00:28"
26108,Brynhildr,0.42857143,0,0.42857143,32389,1,True,Dostoyevsky Barlowe,"05/23/2022,23:08:11"
26108,Brynhildr,0.42857143,0,0.42857143,32389,1,True,Dostoyevsky Barlowe,"05/23/2022,21:08:11"
26108,Brynhildr,0.42857143,0,0.42857143,32389,1,True,Dostoyevsky Barlowe,"05/23/2022,21:08:11"
26108,Brynhildr,0.42857143,0,0.42857143,32389,1,True,Dostoyevsky Barlowe,"05/23/2022,21:08:11"
26108,Brynhildr,0.42857143,0,0.42857143,32389,1,True,Sheol Azure,"05/22/2022,22:12:55"
26108,Brynhildr,0.42857143,0,0.42857143,32389,1,True,Sheol Azure,"05/22/2022,20:12:55"
26108,Brynhildr,0.42857143,0,0.42857143,32389,1,True,Sheol Azure,"05/22/2022,20:12:55"
26108,Brynhildr,0.42857143,0,0.42857143,32389,1,True,Sheol Azure,"05/22/2022,20:12:55"
26108,Brynhildr,0.42857143,0,0.42857143,16999,1,True,Zaccai Therain,"05/22/2022,03:18:50"
26108,Brynhildr,0.42857143,0,0.42857143,16998,1,True,Tarj Ki'irk,"05/22/2022,01:49:22"
26108,Brynhildr,0.42857143,0,0.42857143,16999,1,True,Zaccai Therain,"05/22/2022,01:18:50"
26108,Brynhildr,0.42857143,0,0.42857143,16999,1,True,Zaccai Therain,"05/22/2022,01:18:50"
26108,Brynhildr,0.42857143,0,0.42857143,16999,1,True,Zaccai Therain,"05/22/2022,01:18:50"
26108,Brynhildr,0.42857143,0,0.42857143,14999,1,True,Comtryah Kersplat,"05/22/2022,01:07:56"
26108,Brynhildr,0.42857143,0,0.42857143,14000,1,True,Agilina D'hara,"05/22/2022,00:23:03"
26108,Brynhildr,0.42857143,0,0.42857143,16998,1,True,Tarj Ki'irk,"05/21/2022,23:49:22"
26108,Brynhildr,0.42857143,0,0.42857143,16998,1,True,Tarj Ki'irk,"05/21/2022,23:49:22"
26108,Brynhildr,0.42857143,0,0.42857143,16998,1,True,Tarj Ki'irk,"05/21/2022,23:49:22"
26108,Brynhildr,0.42857143,0,0.42857143,14494,1,True,na,"05/20/2022,23:45:06"
26108,Brynhildr,0.42857143,0,0.42857143,15000,1,True,na,"05/20/2022,06:36:54"
26108,Brynhildr,0.42857143,0,0.42857143,23493,1,True,na,"05/17/2022,11:36:52"
26108,Brynhildr,0.42857143,0,0.42857143,23400,1,True,na,"05/17/2022,02:56:49"
26108,Brynhildr,0.42857143,0,0.42857143,10000,1,True,na,"05/15/2022,16:16:05"
26108,Brynhildr,0.42857143,0,0.42857143,9999,1,True,na,"05/15/2022,07:30:02"
26108,Brynhildr,0.42857143,0,0.42857143,26920,1,True,na,"05/14/2022,18:39:15"
26108,Brynhildr,0.42857143,0,0.42857143,26000,1,True,na,"05/13/2022,18:43:15"
26108,Brynhildr,0.42857143,0,0.42857143,25000,1,True,na,"05/12/2022,08:53:11"
26108,Brynhildr,0.42857143,0,0.42857143,8000,1,True,na,"05/12/2022,06:17:37"
26108,Brynhildr,0.42857143,0,0.42857143,26990,1,True,na,"05/11/2022,18:21:12"
26108,Brynhildr,0.42857143,0,0.42857143,27940,1,True,na,"05/10/2022,19:18:07"
26108,Brynhildr,0.42857143,0,0.42857143,27980,1,True,na,"05/08/2022,21:30:44"
26108,Brynhildr,0.42857143,0,0.42857143,27980,1,True,na,"05/08/2022,06:05:25"
26108,Brynhildr,0.42857143,0,0.42857143,26979,1,True,na,"05/07/2022,03:55:09"
26108,Brynhildr,0.42857143,0,0.42857143,26960,1,True,na,"05/07/2022,03:34:55"
26108,Brynhildr,0.42857143,0,0.42857143,20000,1,True,na,"05/04/2022,00:28:33"
26108,Brynhildr,0.42857143,0,0.42857143,27980,1,True,na,"05/02/2022,22:26:03"
26108,Brynhildr,0.42857143,0,0.42857143,27990,1,True,na,"05/02/2022,11:11:52"
26108,Brynhildr,0.42857143,0,0.42857143,29989,1,True,na,"05/02/2022,02:33:28"
26108,Brynhildr,0.42857143,0,0.42857143,32319,1,True,na,"04/30/2022,19:33:37"
26108,Brynhildr,0.42857143,0,0.42857143,20000,1,True,na,"04/24/2022,04:13:44"
26108,Brynhildr,0.42857143,0,0.42857143,20000,1,True,na,"04/23/2022,13:48:18"
26108,Brynhildr,0.42857143,0,0.42857143,19999,1,True,na,"04/23/2022,09:12:26"
26108,Brynhildr,0.42857143,0,0.42857143,19999,1,True,na,"04/23/2022,01:10:51"
26108,Brynhildr,0.42857143,0,0.42857143,19900,1,True,na,"04/22/2022,02:11:55"
26108,Brynhildr,0.42857143,0,0.42857143,20000,1,True,na,"04/21/2022,21:32:30"
26108,Brynhildr,0.42857143,0,0.42857143,18750,1,True,na,"04/21/2022,01:56:59"
26108,Brynhildr,0.42857143,0,0.42857143,29969,1,True,na,"04/18/2022,22:09:27"
26108,Brynhildr,0.42857143,0,0.42857143,34990,1,True,na,"04/14/2022,03:40:04"
26108,Brynhildr,0.42857143,0,0.42857143,36390,1,True,na,"04/13/2022,05:36:23"
26108,Brynhildr,0.42857143,0,0.42857143,38740,1,True,na,"04/10/2022,15:49:45"
26108,Brynhildr,0.42857143,0,0.42857143,38740,1,True,na,"04/10/2022,03:02:55"
26108,Brynhildr,0.42857143,0,0.42857143,50000,1,True,na,"04/07/2022,18:58:22"
26108,Brynhildr,0.42857143,0,0.42857143,59000,1,True,na,"04/04/2022,02:54:48"
26108,Brynhildr,0.42857143,0,0.42857143,38999,1,True,na,"04/02/2022,05:31:38"
26108,Brynhildr,0.42857143,0,0.42857143,38996,1,True,na,"04/01/2022,01:59:28"
26108,Brynhildr,0.42857143,0,0.42857143,38990,1,True,na,"03/31/2022,02:11:07"
26108,Brynhildr,0.42857143,0,0.42857143,38991,1,True,na,"03/30/2022,00:16:59"
26108,Brynhildr,0.42857143,0,0.42857143,35899,1,True,na,"03/24/2022,05:50:43"
26108,Brynhildr,0.42857143,0,0.42857143,30000,1,True,na,"03/24/2022,05:08:05"
26108,Brynhildr,0.42857143,0,0.42857143,29990,1,True,na,"03/23/2022,10:37:20"
26108,Brynhildr,0.42857143,0,0.42857143,37197,1,True,na,"03/20/2022,04:24:58"
26108,Coeurl,0,0,0,37900,1,True,Runar Thorrson,"06/08/2022,19:11:32"
26108,Coeurl,0,0,0,35499,1,True,Haseo Mutou,"06/08/2022,04:25:45"
26108,Coeurl,0,0,0,83089,1,True,Azulene Rhodes,"06/03/2022,21:46:53"
26108,Coeurl,0,0,0,83158,1,True,Imai Zumin,"06/02/2022,21:50:43"
26108,Coeurl,0,0,0,83179,1,True,Kobeyashi Maru,"06/02/2022,01:27:57"
26108,Coeurl,0,0,0,83290,1,True,Lumpy Grumpler,"05/31/2022,06:29:12"
26108,Coeurl,0,0,0,83290,1,True,Kobeyashi Maru,"05/31/2022,00:51:04"
26108,Coeurl,0,0,0,82999,1,True,Azulene Rhodes,"05/29/2022,09:11:02"
26108,Coeurl,0,0,0,84800,1,True,Dutch'a Kraeg,"05/27/2022,23:06:52"
26108,Coeurl,0,0,0,88997,1,True,Senah Mewrilah,"05/25/2022,07:54:39"
26108,Coeurl,0,0,0,85999,1,True,Chrisoulus Paulecrain,"05/25/2022,01:01:27"
26108,Coeurl,0,0,0,85998,1,True,Arlette Stone,"05/24/2022,01:18:32"
26108,Coeurl,0,0,0,79999,1,True,na,"05/19/2022,22:45:28"
26108,Coeurl,0,0,0,30000,1,True,na,"05/15/2022,21:21:42"
26108,Coeurl,0,0,0,24500,1,True,na,"05/14/2022,21:14:04"
26108,Coeurl,0,0,0,23000,1,True,na,"05/14/2022,19:43:09"
26108,Coeurl,0,0,0,29999,1,True,na,"05/14/2022,01:20:07"
26108,Coeurl,0,0,0,30000,1,True,na,"05/12/2022,03:29:18"
26108,Coeurl,0,0,0,5000,1,True,na,"05/10/2022,20:21:56"
26108,Coeurl,0,0,0,44999,1,True,na,"05/08/2022,06:41:30"
26108,Coeurl,0,0,0,35000,1,True,na,"05/07/2022,03:10:26"
26108,Coeurl,0,0,0,34995,1,True,na,"05/05/2022,21:17:37"
26108,Coeurl,0,0,0,34975,1,True,na,"05/04/2022,08:59:31"
26108,Coeurl,0,0,0,34994,1,True,na,"05/03/2022,04:10:23"
26108,Coeurl,0,0,0,34990,1,True,na,"05/01/2022,22:59:29"
26108,Coeurl,0,0,0,34990,1,True,na,"04/27/2022,22:33:12"
26108,Coeurl,0,0,0,34990,1,True,na,"04/26/2022,22:01:23"
26108,Coeurl,0,0,0,28000,1,True,na,"04/25/2022,17:18:53"
26108,Coeurl,0,0,0,22494,1,True,na,"04/24/2022,23:37:21"
26108,Coeurl,0,0,0,22000,1,True,na,"04/24/2022,18:28:56"
26108,Coeurl,0,0,0,21990,1,True,na,"04/24/2022,11:57:58"
26108,Coeurl,0,0,0,23600,1,True,na,"04/20/2022,07:28:52"
26108,Coeurl,0,0,0,23599,1,True,na,"04/19/2022,06:08:27"
26108,Coeurl,0,0,0,27999,1,True,na,"04/18/2022,07:19:08"
26108,Coeurl,0,0,0,25000,1,True,na,"04/17/2022,22:45:36"
26108,Coeurl,0,0,0,24999,1,True,na,"04/16/2022,05:55:50"
26108,Coeurl,0,0,0,30000,1,True,na,"04/15/2022,01:42:19"
26108,Coeurl,0,0,0,34980,1,True,na,"04/13/2022,23:35:17"
26108,Coeurl,0,0,0,39489,1,True,na,"04/09/2022,05:54:51"
26108,Coeurl,0,0,0,39789,1,True,na,"04/07/2022,11:48:39"
26108,Coeurl,0,0,0,39988,1,True,na,"04/05/2022,01:28:51"
26108,Coeurl,0,0,0,43970,1,True,na,"04/04/2022,03:28:28"
26108,Coeurl,0,0,0,43900,1,True,na,"04/03/2022,21:14:01"
26108,Coeurl,0,0,0,43990,1,True,na,"04/03/2022,10:43:06"
26108,Coeurl,0,0,0,44779,1,True,na,"04/02/2022,18:54:51"
26108,Coeurl,0,0,0,44770,1,True,na,"04/01/2022,22:28:31"
26108,Coeurl,0,0,0,44614,1,True,na,"03/31/2022,22:31:24"
26108,Coeurl,0,0,0,44630,1,True,na,"03/31/2022,11:04:16"
26108,Coeurl,0,0,0,44939,1,True,na,"03/27/2022,23:35:10"
26108,Coeurl,0,0,0,44980,1,True,na,"03/24/2022,02:29:29"
26108,Coeurl,0,0,0,30000,1,True,na,"03/22/2022,17:16:45"
26108,Coeurl,0,0,0,25000,1,True,na,"03/19/2022,18:44:45"
26108,Coeurl,0,0,0,25000,1,True,na,"03/19/2022,05:35:54"
26108,Coeurl,0,0,0,24000,1,True,na,"03/18/2022,21:02:15"
26108,Coeurl,0,0,0,24999,1,True,na,"03/17/2022,05:38:28"
26108,Coeurl,0,0,0,23000,1,True,na,"03/16/2022,15:20:46"
26108,Coeurl,0,0,0,22000,1,True,na,"03/15/2022,23:20:44"
26108,Coeurl,0,0,0,24999,1,True,na,"03/15/2022,04:02:38"
26108,Coeurl,0,0,0,40000,1,True,na,"03/13/2022,23:52:18"
26108,Coeurl,0,0,0,110000,1,True,na,"03/10/2022,02:26:31"
26108,Coeurl,0,0,0,35000,1,True,na,"03/07/2022,20:20:40"
26108,Coeurl,0,0,0,33750,1,True,na,"03/07/2022,09:55:56"
26108,Coeurl,0,0,0,33740,1,True,na,"03/07/2022,03:12:05"
26108,Coeurl,0,0,0,30000,1,True,na,"03/03/2022,18:15:21"
26108,Coeurl,0,0,0,29999,1,True,na,"03/03/2022,01:30:40"
26108,Coeurl,0,0,0,29990,1,True,na,"03/02/2022,23:08:11"
26108,Coeurl,0,0,0,49990,1,True,na,"02/28/2022,19:31:24"
26108,Coeurl,0,0,0,49000,1,True,na,"02/25/2022,23:13:04"
26108,Coeurl,0,0,0,48990,1,True,na,"02/25/2022,12:15:50"
26108,Coeurl,0,0,0,48980,1,True,na,"02/25/2022,07:05:41"
26108,Coeurl,0,0,0,48970,1,True,na,"02/25/2022,02:06:49"
26108,Coeurl,0,0,0,25000,1,True,na,"02/23/2022,22:50:50"
26108,Coeurl,0,0,0,21750,1,True,na,"02/22/2022,20:58:35"
26108,Coeurl,0,0,0,20000,1,True,na,"02/22/2022,06:04:32"
26108,Coeurl,0,0,0,23000,1,True,na,"02/21/2022,12:49:34"
26108,Coeurl,0,0,0,5000,1,False,na,"02/21/2022,01:51:55"
26108,Coeurl,0,0,0,9999,1,True,na,"02/20/2022,22:31:27"
26108,Coeurl,0,0,0,14900,1,True,na,"02/18/2022,14:56:49"
26108,Coeurl,0,0,0,14890,1,True,na,"02/18/2022,07:27:03"
26108,Coeurl,0,0,0,14985,1,True,na,"02/15/2022,01:54:02"
26108,Coeurl,0,0,0,21999,1,True,na,"02/12/2022,06:02:36"
26108,Coeurl,0,0,0,24969,1,True,na,"02/11/2022,01:32:29"
26108,Coeurl,0,0,0,24960,1,True,na,"02/10/2022,18:48:42"
26108,Coeurl,0,0,0,24500,1,True,na,"02/08/2022,00:27:27"
26108,Coeurl,0,0,0,24490,1,True,na,"02/07/2022,21:25:01"
26108,Coeurl,0,0,0,24490,1,True,na,"02/07/2022,11:04:57"
26108,Coeurl,0,0,0,24500,1,True,na,"02/07/2022,03:39:54"
26108,Coeurl,0,0,0,29990,1,True,na,"02/05/2022,11:47:36"
26108,Coeurl,0,0,0,29999,1,True,na,"02/04/2022,02:21:15"
26108,Coeurl,0,0,0,28989,1,True,na,"02/03/2022,10:55:09"
26108,Coeurl,0,0,0,28997,1,True,na,"02/03/2022,04:02:15"
26108,Coeurl,0,0,0,28990,1,True,na,"02/03/2022,01:47:44"
26108,Coeurl,0,0,0,32689,1,True,na,"02/01/2022,23:55:35"
26108,Coeurl,0,0,0,30000,1,True,na,"01/29/2022,08:09:16"
26108,Coeurl,0,0,0,34999,1,True,na,"01/29/2022,04:58:41"
26108,Coeurl,0,0,0,34980,1,True,na,"01/29/2022,02:02:51"
26108,Coeurl,0,0,0,34970,1,True,na,"01/29/2022,00:10:00"
26108,Coeurl,0,0,0,494,1,True,na,"01/27/2022,15:01:06"
26108,Coeurl,0,0,0,35969,1,True,na,"01/22/2022,17:34:09"
26108,Coeurl,0,0,0,35986,1,True,na,"01/21/2022,06:04:58"
26108,Diabolos,0.2857143,0,0.2857143,72459,1,True,Perrin Al'vere,"06/12/2022,20:55:49"
26108,Diabolos,0.2857143,0,0.2857143,74470,1,True,Ama Kusu,"06/10/2022,08:19:00"
26108,Diabolos,0.2857143,0,0.2857143,74470,1,True,Ama Kusu,"06/10/2022,06:19:00"
26108,Diabolos,0.2857143,0,0.2857143,29999,1,True,K'ahjii Tia,"06/06/2022,03:37:25"
26108,Diabolos,0.2857143,0,0.2857143,29990,1,True,Bluesy Ordelia,"06/06/2022,02:50:24"
26108,Diabolos,0.2857143,0,0.2857143,29999,1,True,K'ahjii Tia,"06/06/2022,01:37:25"
26108,Diabolos,0.2857143,0,0.2857143,29990,1,True,Bluesy Ordelia,"06/06/2022,00:50:24"
26108,Diabolos,0.2857143,0,0.2857143,28989,1,True,Agasnina Nitsah,"06/04/2022,20:29:02"
26108,Diabolos,0.2857143,0,0.2857143,28989,1,True,Agasnina Nitsah,"06/04/2022,18:29:02"
26108,Diabolos,0.2857143,0,0.2857143,28000,1,True,Laughing Skull,"06/04/2022,10:20:04"
26108,Diabolos,0.2857143,0,0.2857143,28000,1,True,Laughing Skull,"06/04/2022,08:20:04"
26108,Diabolos,0.2857143,0,0.2857143,28990,1,True,Crispy Nimbus,"06/03/2022,03:45:03"
26108,Diabolos,0.2857143,0,0.2857143,20000,1,True,Sieg Seisova,"06/03/2022,02:11:32"
26108,Diabolos,0.2857143,0,0.2857143,28990,1,True,Crispy Nimbus,"06/03/2022,01:45:03"
26108,Diabolos,0.2857143,0,0.2857143,20000,1,True,Sieg Seisova,"06/03/2022,00:11:32"
26108,Diabolos,0.2857143,0,0.2857143,28500,1,True,Motey Yascaret,"06/02/2022,22:53:38"
26108,Diabolos,0.2857143,0,0.2857143,28500,1,True,Motey Yascaret,"06/02/2022,20:53:38"
26108,Diabolos,0.2857143,0,0.2857143,29000,1,True,Dich Bees,"06/02/2022,07:58:20"
26108,Diabolos,0.2857143,0,0.2857143,29000,1,True,Dich Bees,"06/02/2022,05:58:20"
26108,Diabolos,0.2857143,0,0.2857143,28000,1,True,Selathel Dormaer,"06/01/2022,15:45:24"
26108,Diabolos,0.2857143,0,0.2857143,28000,1,True,Selathel Dormaer,"06/01/2022,13:45:24"
26108,Diabolos,0.2857143,0,0.2857143,28000,1,True,Venusia Godstorm,"05/31/2022,22:55:42"
26108,Diabolos,0.2857143,0,0.2857143,28000,1,True,Venusia Godstorm,"05/31/2022,20:55:42"
26108,Diabolos,0.2857143,0,0.2857143,22490,1,True,Silence Ahkilyu,"05/30/2022,07:09:24"
26108,Diabolos,0.2857143,0,0.2857143,22490,1,True,Silence Ahkilyu,"05/30/2022,05:09:24"
26108,Diabolos,0.2857143,0,0.2857143,22489,1,True,Dyn Edge,"05/29/2022,23:29:24"
26108,Diabolos,0.2857143,0,0.2857143,22489,1,True,Dyn Edge,"05/29/2022,21:29:24"
26108,Diabolos,0.2857143,0,0.2857143,20000,1,True,Khepri Sunscale,"05/29/2022,08:12:27"
26108,Diabolos,0.2857143,0,0.2857143,20000,1,True,Khepri Sunscale,"05/29/2022,06:12:27"
26108,Diabolos,0.2857143,0,0.2857143,19900,1,True,Iri Hatasashi,"05/29/2022,03:15:15"
26108,Diabolos,0.2857143,0,0.2857143,19900,1,True,Iri Hatasashi,"05/29/2022,01:15:15"
26108,Diabolos,0.2857143,0,0.2857143,21494,1,True,Fanarra Tyrel,"05/27/2022,18:49:45"
26108,Diabolos,0.2857143,0,0.2857143,22489,1,True,Sinfully Sinderella,"05/27/2022,17:17:56"
26108,Diabolos,0.2857143,0,0.2857143,21494,1,True,Fanarra Tyrel,"05/27/2022,16:49:45"
26108,Diabolos,0.2857143,0,0.2857143,22489,1,True,Sinfully Sinderella,"05/27/2022,15:17:56"
26108,Diabolos,0.2857143,0,0.2857143,15000,1,True,Svarog Khranitel'dnya,"05/23/2022,22:42:34"
26108,Diabolos,0.2857143,0,0.2857143,15000,1,True,Svarog Khranitel'dnya,"05/23/2022,20:42:34"
26108,Diabolos,0.2857143,0,0.2857143,28500,1,True,Aisling Saoirse,"05/22/2022,19:53:35"
26108,Diabolos,0.2857143,0,0.2857143,28998,1,True,J'vhiy Tia,"05/22/2022,18:20:30"
26108,Diabolos,0.2857143,0,0.2857143,28500,1,True,Aisling Saoirse,"05/22/2022,17:53:35"
26108,Diabolos,0.2857143,0,0.2857143,28997,1,True,Adya Kali,"05/21/2022,10:52:49"
26108,Diabolos,0.2857143,0,0.2857143,49990,1,True,Disce Daemonheart,"05/19/2022,16:14:56"
26108,Diabolos,0.2857143,0,0.2857143,34000,1,True,Uthrick Bolir,"05/19/2022,01:59:01"
26108,Diabolos,0.2857143,0,0.2857143,33990,1,True,na,"05/19/2022,01:45:23"
26108,Diabolos,0.2857143,0,0.2857143,30000,1,True,na,"05/19/2022,00:26:21"
26108,Diabolos,0.2857143,0,0.2857143,29999,1,True,na,"05/18/2022,08:25:27"
26108,Diabolos,0.2857143,0,0.2857143,30000,1,True,na,"05/18/2022,03:55:48"
26108,Diabolos,0.2857143,0,0.2857143,28494,1,True,na,"05/18/2022,00:09:57"
26108,Diabolos,0.2857143,0,0.2857143,28000,1,True,na,"05/17/2022,05:22:30"
26108,Diabolos,0.2857143,0,0.2857143,27990,1,True,na,"05/17/2022,04:32:32"
26108,Diabolos,0.2857143,0,0.2857143,27989,1,True,na,"05/17/2022,04:30:21"
26108,Diabolos,0.2857143,0,0.2857143,28493,1,True,na,"05/16/2022,01:17:41"
26108,Diabolos,0.2857143,0,0.2857143,32950,1,True,na,"05/15/2022,16:13:51"
26108,Diabolos,0.2857143,0,0.2857143,32959,1,True,na,"05/15/2022,08:00:14"
26108,Diabolos,0.2857143,0,0.2857143,36460,1,True,na,"05/12/2022,03:24:28"
26108,Diabolos,0.2857143,0,0.2857143,36470,1,True,na,"05/11/2022,10:52:35"
26108,Diabolos,0.2857143,0,0.2857143,40440,1,True,na,"05/10/2022,01:59:29"
26108,Diabolos,0.2857143,0,0.2857143,42980,1,True,na,"05/07/2022,15:34:21"
26108,Diabolos,0.2857143,0,0.2857143,75000,1,False,na,"05/02/2022,03:47:38"
26108,Diabolos,0.2857143,0,0.2857143,102999,1,True,na,"05/02/2022,01:59:02"
26108,Diabolos,0.2857143,0,0.2857143,101994,1,True,na,"04/30/2022,15:42:33"
26108,Diabolos,0.2857143,0,0.2857143,72000,1,True,na,"04/26/2022,05:12:35"
26108,Diabolos,0.2857143,0,0.2857143,103990,1,True,na,"04/25/2022,07:41:28"
26108,Diabolos,0.2857143,0,0.2857143,106980,1,True,na,"04/24/2022,03:47:40"
26108,Diabolos,0.2857143,0,0.2857143,106990,1,True,na,"04/23/2022,06:07:34"
26108,Diabolos,0.2857143,0,0.2857143,62960,1,True,na,"04/18/2022,20:58:03"
26108,Diabolos,0.2857143,0,0.2857143,35000,1,True,na,"04/10/2022,22:22:01"
26108,Diabolos,0.2857143,0,0.2857143,30000,1,True,na,"04/09/2022,22:26:16"
26108,Diabolos,0.2857143,0,0.2857143,34979,1,True,na,"04/08/2022,03:21:25"
26108,Diabolos,0.2857143,0,0.2857143,34970,1,True,na,"04/07/2022,01:56:24"
26108,Diabolos,0.2857143,0,0.2857143,28000,1,True,na,"04/02/2022,03:05:39"
26108,Diabolos,0.2857143,0,0.2857143,30999,1,True,na,"03/31/2022,06:50:26"
26108,Diabolos,0.2857143,0,0.2857143,30000,1,True,na,"03/30/2022,22:11:16"
26108,Diabolos,0.2857143,0,0.2857143,29987,1,True,na,"03/30/2022,00:36:20"
26108,Diabolos,0.2857143,0,0.2857143,112000,1,True,na,"03/22/2022,00:37:10"
26108,Diabolos,0.2857143,0,0.2857143,27494,1,True,na,"03/20/2022,06:20:37"
26108,Diabolos,0.2857143,0,0.2857143,24998,1,True,na,"03/20/2022,04:17:52"
26108,Diabolos,0.2857143,0,0.2857143,22500,1,True,na,"03/19/2022,05:06:54"
26108,Diabolos,0.2857143,0,0.2857143,15000,1,True,na,"03/19/2022,02:03:15"
26108,Diabolos,0.2857143,0,0.2857143,14500,1,True,na,"03/18/2022,22:43:15"
26108,Diabolos,0.2857143,0,0.2857143,12000,1,True,na,"03/17/2022,04:40:43"
26108,Diabolos,0.2857143,0,0.2857143,14499,1,True,na,"03/16/2022,14:07:55"
26108,Diabolos,0.2857143,0,0.2857143,14999,1,True,na,"03/14/2022,21:06:58"
26108,Diabolos,0.2857143,0,0.2857143,24394,1,True,na,"03/13/2022,22:07:18"
26108,Diabolos,0.2857143,0,0.2857143,23990,1,True,na,"03/12/2022,19:54:03"
26108,Diabolos,0.2857143,0,0.2857143,23989,1,True,na,"03/11/2022,04:07:28"
26108,Diabolos,0.2857143,0,0.2857143,25490,1,True,na,"03/08/2022,21:21:49"
26108,Diabolos,0.2857143,0,0.2857143,26980,1,True,na,"03/06/2022,09:59:55"
26108,Diabolos,0.2857143,0,0.2857143,26980,1,True,na,"03/06/2022,02:20:51"
26108,Diabolos,0.2857143,0,0.2857143,26888,1,True,na,"03/01/2022,00:30:44"
26108,Diabolos,0.2857143,0,0.2857143,30980,1,True,na,"02/27/2022,18:47:06"
26108,Diabolos,0.2857143,0,0.2857143,31479,1,True,na,"02/26/2022,13:30:55"
26108,Diabolos,0.2857143,0,0.2857143,31980,1,True,na,"02/26/2022,00:37:52"
26108,Diabolos,0.2857143,0,0.2857143,31989,1,True,na,"02/25/2022,10:46:32"
26108,Diabolos,0.2857143,0,0.2857143,31980,1,True,na,"02/25/2022,00:56:56"
26108,Diabolos,0.2857143,0,0.2857143,32489,1,True,na,"02/24/2022,01:10:33"
26108,Diabolos,0.2857143,0,0.2857143,31000,1,True,na,"02/23/2022,21:46:50"
26108,Diabolos,0.2857143,0,0.2857143,32969,1,True,na,"02/23/2022,06:32:18"
26108,Diabolos,0.2857143,0,0.2857143,45990,1,True,na,"02/19/2022,10:53:02"
26108,Diabolos,0.2857143,0,0.2857143,51979,1,True,na,"02/17/2022,06:16:01"
26108,Goblin,0.42857143,0,0.42857143,40990,1,True,Mieran Ver'milion,"06/11/2022,04:11:58"
26108,Goblin,0.42857143,0,0.42857143,40969,1,True,Mei'ko Honma,"06/10/2022,23:26:32"
26108,Goblin,0.42857143,0,0.42857143,40960,1,True,Gafgarion Gaff,"06/10/2022,23:02:45"
26108,Goblin,0.42857143,0,0.42857143,40980,1,True,Gafgarion Gaff,"06/09/2022,20:48:58"
26108,Goblin,0.42857143,0,0.42857143,40990,1,True,Silvarrie Cerues,"06/08/2022,22:44:11"
26108,Goblin,0.42857143,0,0.42857143,40294,1,True,Lykaios Shadowsworn,"06/05/2022,09:11:15"
26108,Goblin,0.42857143,0,0.42857143,40880,1,True,Usori Zeltreth,"06/03/2022,02:49:48"
26108,Goblin,0.42857143,0,0.42857143,40880,1,True,Territhian Aela,"06/02/2022,14:27:32"
26108,Goblin,0.42857143,0,0.42857143,40880,1,True,Sakura Turphyre,"06/01/2022,22:16:46"
26108,Goblin,0.42857143,0,0.42857143,40890,1,True,Gemini Alelle,"06/01/2022,04:38:46"
26108,Goblin,0.42857143,0,0.42857143,40908,1,True,Lysandra Aedoman,"05/31/2022,01:50:20"
26108,Goblin,0.42857143,0,0.42857143,40900,1,True,Gemini Alelle,"05/30/2022,21:05:53"
26108,Goblin,0.42857143,0,0.42857143,40920,1,True,Saku Tsurugi,"05/29/2022,02:52:58"
26108,Goblin,0.42857143,0,0.42857143,39469,1,True,Lucius Starguest,"05/26/2022,04:56:11"
26108,Goblin,0.42857143,0,0.42857143,41480,1,True,Plumeria Alba,"05/24/2022,03:05:56"
26108,Goblin,0.42857143,0,0.42857143,41490,1,True,Shiizu Noruu,"05/23/2022,07:29:57"
26108,Goblin,0.42857143,0,0.42857143,41490,1,True,Galadius Bob,"05/22/2022,16:44:35"
26108,Goblin,0.42857143,0,0.42857143,41490,1,True,Phoenix Helios,"05/22/2022,08:07:13"
26108,Goblin,0.42857143,0,0.42857143,42920,1,True,na,"05/19/2022,07:08:08"
26108,Goblin,0.42857143,0,0.42857143,42919,1,True,na,"05/18/2022,23:06:08"
26108,Goblin,0.42857143,0,0.42857143,42929,1,True,na,"05/17/2022,23:21:43"
26108,Goblin,0.42857143,0,0.42857143,42979,1,True,na,"05/14/2022,15:25:14"
26108,Goblin,0.42857143,0,0.42857143,42500,1,True,na,"05/10/2022,19:17:25"
26108,Goblin,0.42857143,0,0.42857143,25000,1,True,na,"05/10/2022,15:24:57"
26108,Goblin,0.42857143,0,0.42857143,43430,1,True,na,"05/09/2022,07:49:01"
26108,Goblin,0.42857143,0,0.42857143,43450,1,True,na,"05/08/2022,01:52:32"
26108,Goblin,0.42857143,0,0.42857143,44980,1,True,na,"05/06/2022,03:10:32"
26108,Goblin,0.42857143,0,0.42857143,44970,1,True,na,"05/05/2022,01:56:08"
26108,Goblin,0.42857143,0,0.42857143,48980,1,True,na,"04/27/2022,06:15:35"
26108,Goblin,0.42857143,0,0.42857143,48990,1,True,na,"04/25/2022,00:48:08"
26108,Goblin,0.42857143,0,0.42857143,29939,1,True,na,"04/24/2022,04:22:51"
26108,Goblin,0.42857143,0,0.42857143,29930,1,True,na,"04/23/2022,16:20:22"
26108,Goblin,0.42857143,0,0.42857143,29900,1,True,na,"04/22/2022,02:46:28"
26108,Goblin,0.42857143,0,0.42857143,29890,1,True,na,"04/22/2022,01:16:32"
26108,Goblin,0.42857143,0,0.42857143,29950,1,True,na,"04/21/2022,16:31:38"
26108,Goblin,0.42857143,0,0.42857143,29945,1,True,na,"04/21/2022,05:22:30"
26108,Goblin,0.42857143,0,0.42857143,28000,1,True,na,"04/20/2022,08:07:38"
26108,Goblin,0.42857143,0,0.42857143,29960,1,True,na,"04/18/2022,23:45:13"
26108,Goblin,0.42857143,0,0.42857143,29970,1,True,na,"04/18/2022,04:28:24"
26108,Goblin,0.42857143,0,0.42857143,30457,1,True,na,"04/14/2022,23:29:30"
26108,Goblin,0.42857143,0,0.42857143,30485,1,True,na,"04/11/2022,03:07:42"
26108,Goblin,0.42857143,0,0.42857143,30891,1,True,na,"04/10/2022,04:55:55"
26108,Goblin,0.42857143,0,0.42857143,32972,1,True,na,"04/05/2022,02:40:16"
26108,Goblin,0.42857143,0,0.42857143,33974,1,True,na,"03/31/2022,23:29:10"
26108,Goblin,0.42857143,0,0.42857143,33982,1,True,na,"03/30/2022,01:08:22"
26108,Goblin,0.42857143,0,0.42857143,33985,1,True,na,"03/26/2022,06:14:13"
26108,Goblin,0.42857143,0,0.42857143,33900,1,True,na,"03/25/2022,15:40:21"
26108,Goblin,0.42857143,0,0.42857143,25000,1,True,na,"03/21/2022,01:27:23"
26108,Goblin,0.42857143,0,0.42857143,20000,1,True,na,"03/20/2022,02:24:20"
26108,Goblin,0.42857143,0,0.42857143,18900,1,True,na,"03/19/2022,21:16:31"
26108,Goblin,0.42857143,0,0.42857143,20000,1,True,na,"03/14/2022,10:19:24"
26108,Goblin,0.42857143,0,0.42857143,48999,1,True,na,"03/11/2022,19:13:57"
26108,Goblin,0.42857143,0,0.42857143,48999,1,True,na,"03/10/2022,04:45:53"
26108,Goblin,0.42857143,0,0.42857143,48998,1,True,na,"03/05/2022,23:07:42"
26108,Goblin,0.42857143,0,0.42857143,42995,1,True,na,"03/05/2022,01:48:30"
26108,Goblin,0.42857143,0,0.42857143,49999,1,True,na,"02/26/2022,11:29:21"
26108,Goblin,0.42857143,0,0.42857143,48999,1,True,na,"02/25/2022,07:44:27"
26108,Goblin,0.42857143,0,0.42857143,54000,1,True,na,"02/20/2022,02:17:43"
26108,Goblin,0.42857143,0,0.42857143,52500,1,True,na,"02/19/2022,08:33:51"
26108,Goblin,0.42857143,0,0.42857143,52500,1,True,na,"02/18/2022,00:37:17"
26108,Goblin,0.42857143,0,0.42857143,52500,1,True,na,"02/16/2022,14:12:48"
26108,Goblin,0.42857143,0,0.42857143,50000,1,True,na,"02/16/2022,06:40:59"
26108,Goblin,0.42857143,0,0.42857143,52499,1,True,na,"02/15/2022,21:44:48"
26108,Goblin,0.42857143,0,0.42857143,53950,1,True,na,"02/14/2022,03:18:48"
26108,Goblin,0.42857143,0,0.42857143,69888,1,True,na,"02/10/2022,20:29:00"
26108,Goblin,0.42857143,0,0.42857143,40000,1,True,na,"02/10/2022,15:48:35"
26108,Goblin,0.42857143,0,0.42857143,39999,1,True,na,"02/10/2022,09:56:30"
26108,Goblin,0.42857143,0,0.42857143,39900,1,True,na,"02/10/2022,04:48:59"
26108,Goblin,0.42857143,0,0.42857143,69888,1,True,na,"02/08/2022,11:20:39"
26108,Goblin,0.42857143,0,0.42857143,69888,1,True,na,"02/07/2022,04:40:10"
26108,Goblin,0.42857143,0,0.42857143,69888,1,True,na,"02/06/2022,23:34:21"
26108,Goblin,0.42857143,0,0.42857143,40000,1,True,na,"02/05/2022,21:02:58"
26108,Goblin,0.42857143,0,0.42857143,69999,1,True,na,"02/05/2022,01:46:52"
26108,Goblin,0.42857143,0,0.42857143,65000,1,True,na,"02/04/2022,02:15:14"
26108,Goblin,0.42857143,0,0.42857143,68000,1,True,na,"01/31/2022,05:09:11"
26108,Goblin,0.42857143,0,0.42857143,69998,1,True,na,"01/30/2022,00:58:40"
26108,Goblin,0.42857143,0,0.42857143,44999,1,True,na,"01/29/2022,13:13:57"
26108,Goblin,0.42857143,0,0.42857143,69999,1,True,na,"01/26/2022,19:45:29"
26108,Goblin,0.42857143,0,0.42857143,40000,1,True,na,"01/23/2022,21:36:19"
26108,Goblin,0.42857143,0,0.42857143,40000,1,True,na,"01/23/2022,19:56:55"
26108,Goblin,0.42857143,0,0.42857143,39999,1,True,na,"01/23/2022,00:37:14"
26108,Goblin,0.42857143,0,0.42857143,39999,1,True,na,"01/22/2022,03:45:23"
26108,Goblin,0.42857143,0,0.42857143,39999,1,True,na,"01/21/2022,16:12:42"
26108,Goblin,0.42857143,0,0.42857143,39998,1,True,na,"01/20/2022,01:26:58"
26108,Goblin,0.42857143,0,0.42857143,39900,1,True,na,"01/19/2022,21:26:53"
26108,Goblin,0.42857143,0,0.42857143,40000,1,True,na,"01/17/2022,12:27:57"
26108,Goblin,0.42857143,0,0.42857143,40000,1,False,na,"01/16/2022,22:40:00"
26108,Goblin,0.42857143,0,0.42857143,48998,1,True,na,"01/16/2022,18:10:51"
26108,Goblin,0.42857143,0,0.42857143,47000,1,True,na,"01/16/2022,00:16:11"
26108,Goblin,0.42857143,0,0.42857143,49998,1,True,na,"01/15/2022,04:18:33"
26108,Goblin,0.42857143,0,0.42857143,50000,1,True,na,"01/14/2022,02:32:02"
26108,Goblin,0.42857143,0,0.42857143,67000,1,True,na,"01/13/2022,02:17:17"
26108,Goblin,0.42857143,0,0.42857143,65000,1,True,na,"01/12/2022,18:58:51"
26108,Goblin,0.42857143,0,0.42857143,66999,1,True,na,"01/12/2022,16:15:11"
26108,Goblin,0.42857143,0,0.42857143,66999,1,True,na,"01/12/2022,00:02:31"
26108,Goblin,0.42857143,0,0.42857143,66999,1,True,na,"01/10/2022,12:00:57"
26108,Goblin,0.42857143,0,0.42857143,66494,1,True,na,"01/10/2022,00:55:44"
26108,Goblin,0.42857143,0,0.42857143,66999,1,True,na,"01/09/2022,22:55:59"
26108,Goblin,0.42857143,0,0.42857143,66000,1,True,na,"01/09/2022,03:11:30"
26108,Goblin,0.42857143,0,0.42857143,50000,1,True,na,"01/08/2022,19:57:34"
26108,Mateus,1.1428572,0,1.1428572,45990,1,True,Sirius Vonlinden,"06/14/2022,20:34:32"
26108,Mateus,1.1428572,0,1.1428572,45990,1,True,Custom Preset,"06/13/2022,21:10:27"
26108,Mateus,1.1428572,0,1.1428572,45500,1,True,Jimimi Jimi,"06/12/2022,21:10:41"
26108,Mateus,1.1428572,0,1.1428572,45490,1,True,Kuu Heartfilia,"06/12/2022,21:03:57"
26108,Mateus,1.1428572,0,1.1428572,34000,1,True,Spina Yascaret,"06/12/2022,12:14:47"
26108,Mateus,1.1428572,0,1.1428572,30000,1,True,Rof Cast,"06/11/2022,21:04:15"
26108,Mateus,1.1428572,0,1.1428572,33990,1,True,Halla Penya,"06/11/2022,02:50:07"
26108,Mateus,1.1428572,0,1.1428572,33990,1,True,Halla Penya,"06/11/2022,00:50:07"
26108,Mateus,1.1428572,0,1.1428572,38990,1,True,Helisent Lodall,"06/09/2022,12:50:44"
26108,Mateus,1.1428572,0,1.1428572,38990,1,True,Helisent Lodall,"06/09/2022,10:50:44"
26108,Mateus,1.1428572,0,1.1428572,37500,1,True,Reyn Dvala,"06/08/2022,18:40:10"
26108,Mateus,1.1428572,0,1.1428572,36969,1,True,Lyshtar Drischild,"06/08/2022,16:53:33"
26108,Mateus,1.1428572,0,1.1428572,37500,1,True,Reyn Dvala,"06/08/2022,16:40:10"
26108,Mateus,1.1428572,0,1.1428572,36969,1,True,Lyshtar Drischild,"06/08/2022,14:53:33"
26108,Mateus,1.1428572,0,1.1428572,38000,1,False,Elf Ears,"06/08/2022,00:30:40"
26108,Mateus,1.1428572,0,1.1428572,38000,1,False,Elf Ears,"06/07/2022,22:30:40"
26108,Mateus,1.1428572,0,1.1428572,42060,1,True,Forgiven Despair,"06/06/2022,17:23:28"
26108,Mateus,1.1428572,0,1.1428572,42060,1,True,Forgiven Despair,"06/06/2022,15:23:28"
26108,Mateus,1.1428572,0,1.1428572,47240,1,True,Abaddon Phaesca,"05/31/2022,05:56:22"
26108,Mateus,1.1428572,0,1.1428572,47240,1,True,Abaddon Phaesca,"05/31/2022,03:56:22"
26108,Mateus,1.1428572,0,1.1428572,47490,1,True,Xili Potat,"05/30/2022,03:11:48"
26108,Mateus,1.1428572,0,1.1428572,47490,1,True,Xili Potat,"05/30/2022,01:11:48"
26108,Mateus,1.1428572,0,1.1428572,47490,1,True,Xili Potat,"05/30/2022,01:11:48"
26108,Mateus,1.1428572,0,1.1428572,25000,1,False,Kai Korden,"05/29/2022,10:35:22"
26108,Mateus,1.1428572,0,1.1428572,25000,1,False,Kai Korden,"05/29/2022,08:35:22"
26108,Mateus,1.1428572,0,1.1428572,25000,1,False,Kai Korden,"05/29/2022,08:35:22"
26108,Mateus,1.1428572,0,1.1428572,24900,1,True,Xili Potat,"05/28/2022,06:19:44"
26108,Mateus,1.1428572,0,1.1428572,30000,1,True,Burger Enjoyer,"05/28/2022,04:36:08"
26108,Mateus,1.1428572,0,1.1428572,24900,1,True,Xili Potat,"05/28/2022,04:19:44"
26108,Mateus,1.1428572,0,1.1428572,24900,1,True,Xili Potat,"05/28/2022,04:19:44"
26108,Mateus,1.1428572,0,1.1428572,30000,1,True,Burger Enjoyer,"05/28/2022,02:36:08"
26108,Mateus,1.1428572,0,1.1428572,30000,1,True,Burger Enjoyer,"05/28/2022,02:36:08"
26108,Mateus,1.1428572,0,1.1428572,35000,1,True,Zylo Zerant,"05/27/2022,00:42:34"
26108,Mateus,1.1428572,0,1.1428572,35000,1,True,Zylo Zerant,"05/26/2022,22:42:34"
26108,Mateus,1.1428572,0,1.1428572,35000,1,True,Zylo Zerant,"05/26/2022,22:42:34"
26108,Mateus,1.1428572,0,1.1428572,33000,1,True,Zylo Zerant,"05/26/2022,17:32:11"
26108,Mateus,1.1428572,0,1.1428572,33000,1,True,Zylo Zerant,"05/26/2022,15:32:11"
26108,Mateus,1.1428572,0,1.1428572,33000,1,True,Zylo Zerant,"05/26/2022,15:32:11"
26108,Mateus,1.1428572,0,1.1428572,25000,1,True,Saelstine Ariesvyn,"05/25/2022,05:13:12"
26108,Mateus,1.1428572,0,1.1428572,24999,1,True,Allyson Dragoncloud,"05/25/2022,04:44:26"
26108,Mateus,1.1428572,0,1.1428572,25000,1,True,Saelstine Ariesvyn,"05/25/2022,03:13:12"
26108,Mateus,1.1428572,0,1.1428572,25000,1,True,Saelstine Ariesvyn,"05/25/2022,03:13:12"
26108,Mateus,1.1428572,0,1.1428572,24999,1,True,Allyson Dragoncloud,"05/25/2022,02:44:26"
26108,Mateus,1.1428572,0,1.1428572,29990,1,True,Kjarr Langtvandre,"05/24/2022,22:36:35"
26108,Mateus,1.1428572,0,1.1428572,20000,1,False,Serene Coeurl,"05/23/2022,17:26:38"
26108,Mateus,1.1428572,0,1.1428572,30000,1,True,Emelin Ashdale,"05/23/2022,16:24:13"
26108,Mateus,1.1428572,0,1.1428572,29990,1,True,Chesterfield Jorts,"05/23/2022,06:07:56"
26108,Mateus,1.1428572,0,1.1428572,29990,1,True,Saelstine Ariesvyn,"05/23/2022,00:17:51"
26108,Mateus,1.1428572,0,1.1428572,29989,1,True,na,"05/22/2022,02:02:30"
26108,Mateus,1.1428572,0,1.1428572,45000,1,True,na,"05/20/2022,17:22:27"
26108,Mateus,1.1428572,0,1.1428572,64989,1,True,na,"05/18/2022,23:28:05"
26108,Mateus,1.1428572,0,1.1428572,64989,1,True,na,"05/18/2022,01:10:14"
26108,Mateus,1.1428572,0,1.1428572,55000,1,True,na,"05/13/2022,08:44:44"
26108,Mateus,1.1428572,0,1.1428572,50000,1,True,na,"05/12/2022,18:27:26"
26108,Mateus,1.1428572,0,1.1428572,49999,1,True,na,"05/11/2022,13:41:21"
26108,Mateus,1.1428572,0,1.1428572,54999,1,True,na,"05/07/2022,01:24:19"
26108,Mateus,1.1428572,0,1.1428572,54000,1,True,na,"05/06/2022,12:03:14"
26108,Mateus,1.1428572,0,1.1428572,53999,1,True,na,"05/04/2022,06:14:01"
26108,Mateus,1.1428572,0,1.1428572,39989,1,True,na,"05/03/2022,09:30:31"
26108,Mateus,1.1428572,0,1.1428572,40000,1,True,na,"05/02/2022,07:04:40"
26108,Mateus,1.1428572,0,1.1428572,39999,1,True,na,"05/02/2022,02:31:18"
26108,Mateus,1.1428572,0,1.1428572,37999,1,True,na,"04/29/2022,22:36:14"
26108,Mateus,1.1428572,0,1.1428572,30000,1,True,na,"04/29/2022,19:31:07"
26108,Mateus,1.1428572,0,1.1428572,29950,1,True,na,"04/29/2022,03:18:44"
26108,Mateus,1.1428572,0,1.1428572,29959,1,True,na,"04/28/2022,04:30:58"
26108,Mateus,1.1428572,0,1.1428572,25900,1,True,na,"04/26/2022,04:33:31"
26108,Mateus,1.1428572,0,1.1428572,25899,1,True,na,"04/25/2022,13:56:30"
26108,Mateus,1.1428572,0,1.1428572,25900,1,True,na,"04/24/2022,18:28:51"
26108,Mateus,1.1428572,0,1.1428572,34900,1,True,na,"04/22/2022,23:24:03"
26108,Mateus,1.1428572,0,1.1428572,34890,1,True,na,"04/22/2022,22:07:52"
26108,Mateus,1.1428572,0,1.1428572,39979,1,True,na,"04/21/2022,08:51:36"
26108,Mateus,1.1428572,0,1.1428572,49990,1,True,na,"04/18/2022,02:42:36"
26108,Mateus,1.1428572,0,1.1428572,53490,1,True,na,"04/15/2022,22:32:17"
26108,Mateus,1.1428572,0,1.1428572,53990,1,True,na,"04/13/2022,07:33:07"
26108,Mateus,1.1428572,0,1.1428572,54980,1,True,na,"04/12/2022,22:03:51"
26108,Mateus,1.1428572,0,1.1428572,54990,1,True,na,"04/07/2022,06:01:42"
26108,Mateus,1.1428572,0,1.1428572,32990,1,True,na,"04/06/2022,01:46:28"
26108,Mateus,1.1428572,0,1.1428572,32990,1,True,na,"04/05/2022,23:39:02"
26108,Mateus,1.1428572,0,1.1428572,30000,1,True,na,"04/05/2022,03:23:07"
26108,Mateus,1.1428572,0,1.1428572,30000,1,True,na,"04/03/2022,06:09:33"
26108,Mateus,1.1428572,0,1.1428572,29990,1,True,na,"04/03/2022,00:56:44"
26108,Mateus,1.1428572,0,1.1428572,29989,1,True,na,"04/02/2022,02:38:50"
26108,Mateus,1.1428572,0,1.1428572,29900,1,True,na,"03/31/2022,02:04:19"
26108,Mateus,1.1428572,0,1.1428572,29899,1,True,na,"03/29/2022,22:57:09"
26108,Mateus,1.1428572,0,1.1428572,25889,1,True,na,"03/26/2022,05:17:29"
26108,Mateus,1.1428572,0,1.1428572,31897,1,True,na,"03/25/2022,22:25:52"
26108,Mateus,1.1428572,0,1.1428572,31896,1,True,na,"03/24/2022,23:05:36"
26108,Mateus,1.1428572,0,1.1428572,30000,1,True,na,"03/24/2022,06:10:41"
26108,Mateus,1.1428572,0,1.1428572,31997,1,True,na,"03/23/2022,23:58:57"
26108,Mateus,1.1428572,0,1.1428572,36897,1,True,na,"03/20/2022,16:51:35"
26108,Mateus,1.1428572,0,1.1428572,494,1,True,na,"03/18/2022,08:30:56"
26108,Mateus,1.1428572,0,1.1428572,36980,1,True,na,"03/17/2022,06:05:50"
26108,Mateus,1.1428572,0,1.1428572,36980,1,True,na,"03/15/2022,16:33:45"
26108,Mateus,1.1428572,0,1.1428572,33000,1,True,na,"03/15/2022,03:33:13"
26108,Mateus,1.1428572,0,1.1428572,32990,1,True,na,"03/10/2022,03:55:30"
26108,Mateus,1.1428572,0,1.1428572,25700,1,True,na,"03/09/2022,04:51:49"
26108,Mateus,1.1428572,0,1.1428572,25689,1,True,na,"03/08/2022,22:45:47"
26108,Mateus,1.1428572,0,1.1428572,25879,1,True,na,"03/06/2022,21:37:36"
26108,Mateus,1.1428572,0,1.1428572,20000,1,True,na,"03/03/2022,22:39:56"
26108,Mateus,1.1428572,0,1.1428572,24990,1,True,na,"03/02/2022,00:45:24"
26108,Zalera,0.5714286,0,0.5714286,48490,1,True,Toast Noykin,"06/16/2022,14:22:00"
26108,Zalera,0.5714286,0,0.5714286,48490,1,True,Kaleb Grayson,"06/14/2022,21:28:28"
26108,Zalera,0.5714286,0,0.5714286,48989,1,True,Moose Brain,"06/12/2022,20:15:40"
26108,Zalera,0.5714286,0,0.5714286,48989,1,True,Moose Brain,"06/12/2022,18:15:40"
26108,Zalera,0.5714286,0,0.5714286,48990,1,True,Pewpew Sureshot,"06/08/2022,23:05:44"
26108,Zalera,0.5714286,0,0.5714286,48990,1,True,Pewpew Sureshot,"06/08/2022,21:05:44"
26108,Zalera,0.5714286,0,0.5714286,40000,1,True,Meika Zelreki,"06/08/2022,16:09:20"
26108,Zalera,0.5714286,0,0.5714286,40000,1,True,Meika Zelreki,"06/08/2022,14:09:20"
26108,Zalera,0.5714286,0,0.5714286,39800,1,True,Lyrei Ishiku,"06/08/2022,04:03:45"
26108,Zalera,0.5714286,0,0.5714286,38000,1,True,Erelei Geneq,"06/08/2022,04:02:51"
26108,Zalera,0.5714286,0,0.5714286,39800,1,True,Lyrei Ishiku,"06/08/2022,02:03:45"
26108,Zalera,0.5714286,0,0.5714286,38000,1,True,Erelei Geneq,"06/08/2022,02:02:51"
26108,Zalera,0.5714286,0,0.5714286,38990,1,True,Echo Lyrid,"06/06/2022,23:25:53"
26108,Zalera,0.5714286,0,0.5714286,38990,1,True,Echo Lyrid,"06/06/2022,21:25:53"
26108,Zalera,0.5714286,0,0.5714286,10449,1,False,Jin-wu Seong,"06/04/2022,09:53:14"
26108,Zalera,0.5714286,0,0.5714286,10449,1,False,Jin-wu Seong,"06/04/2022,07:53:14"
26108,Zalera,0.5714286,0,0.5714286,39940,1,True,Surki Turki,"06/03/2022,17:17:06"
26108,Zalera,0.5714286,0,0.5714286,39940,1,True,Surki Turki,"06/03/2022,15:17:06"
26108,Zalera,0.5714286,0,0.5714286,8449,1,False,Ger Brando,"06/03/2022,05:04:45"
26108,Zalera,0.5714286,0,0.5714286,8449,1,False,Ger Brando,"06/03/2022,03:04:45"
26108,Zalera,0.5714286,0,0.5714286,17493,1,True,Kronosia Lenbrown,"06/01/2022,17:41:48"
26108,Zalera,0.5714286,0,0.5714286,17493,1,True,Kronosia Lenbrown,"06/01/2022,15:41:48"
26108,Zalera,0.5714286,0,0.5714286,17493,1,True,Kronosia Lenbrown,"06/01/2022,15:41:48"
26108,Zalera,0.5714286,0,0.5714286,17493,1,True,Osric Taralth,"06/01/2022,06:32:35"
26108,Zalera,0.5714286,0,0.5714286,17493,1,True,Osric Taralth,"06/01/2022,04:32:35"
26108,Zalera,0.5714286,0,0.5714286,17493,1,True,Osric Taralth,"06/01/2022,04:32:35"
26108,Zalera,0.5714286,0,0.5714286,17492,1,True,Velinarra Rush,"05/31/2022,23:13:31"
26108,Zalera,0.5714286,0,0.5714286,17492,1,True,Velinarra Rush,"05/31/2022,21:13:31"
26108,Zalera,0.5714286,0,0.5714286,17492,1,True,Velinarra Rush,"05/31/2022,21:13:31"
26108,Zalera,0.5714286,0,0.5714286,9449,1,False,Nigrum Caetus,"05/31/2022,17:45:35"
26108,Zalera,0.5714286,0,0.5714286,9449,1,False,Nigrum Caetus,"05/31/2022,15:45:35"
26108,Zalera,0.5714286,0,0.5714286,9449,1,False,Nigrum Caetus,"05/31/2022,15:45:35"
26108,Zalera,0.5714286,0,0.5714286,14494,1,True,Baldred Gage,"05/31/2022,04:02:20"
26108,Zalera,0.5714286,0,0.5714286,14494,1,True,Baldred Gage,"05/31/2022,02:02:20"
26108,Zalera,0.5714286,0,0.5714286,14494,1,True,Baldred Gage,"05/31/2022,02:02:20"
26108,Zalera,0.5714286,0,0.5714286,10494,1,True,Rei Kensaki,"05/30/2022,05:19:20"
26108,Zalera,0.5714286,0,0.5714286,10494,1,True,Rei Kensaki,"05/30/2022,03:19:20"
26108,Zalera,0.5714286,0,0.5714286,10494,1,True,Rei Kensaki,"05/30/2022,03:19:20"
26108,Zalera,0.5714286,0,0.5714286,39993,1,True,Creme Salace,"05/27/2022,05:27:46"
26108,Zalera,0.5714286,0,0.5714286,39993,1,True,Creme Salace,"05/27/2022,03:27:46"
26108,Zalera,0.5714286,0,0.5714286,39993,1,True,Creme Salace,"05/27/2022,03:27:46"
26108,Zalera,0.5714286,0,0.5714286,44498,1,True,Erelei Geneq,"05/22/2022,23:52:26"
26108,Zalera,0.5714286,0,0.5714286,42500,1,True,Ambrosia Hana,"05/22/2022,22:22:29"
26108,Zalera,0.5714286,0,0.5714286,44498,1,True,Erelei Geneq,"05/22/2022,21:52:26"
26108,Zalera,0.5714286,0,0.5714286,44498,1,True,Erelei Geneq,"05/22/2022,21:52:26"
26108,Zalera,0.5714286,0,0.5714286,42500,1,True,Ambrosia Hana,"05/22/2022,20:22:29"
26108,Zalera,0.5714286,0,0.5714286,42500,1,True,Ambrosia Hana,"05/22/2022,20:22:29"
26108,Zalera,0.5714286,0,0.5714286,44499,1,True,na,"05/21/2022,08:09:30"
26108,Zalera,0.5714286,0,0.5714286,44499,1,True,William Turner,"05/21/2022,06:09:30"
26108,Zalera,0.5714286,0,0.5714286,42999,1,True,na,"05/18/2022,04:31:50"
26108,Zalera,0.5714286,0,0.5714286,41499,1,True,na,"05/17/2022,17:51:57"
26108,Zalera,0.5714286,0,0.5714286,35000,1,True,na,"05/12/2022,19:54:52"
26108,Zalera,0.5714286,0,0.5714286,20000,1,True,na,"05/12/2022,01:57:59"
26108,Zalera,0.5714286,0,0.5714286,48369,1,True,na,"05/10/2022,09:37:15"
26108,Zalera,0.5714286,0,0.5714286,47999,1,True,na,"05/10/2022,09:37:12"
26108,Zalera,0.5714286,0,0.5714286,46494,1,True,na,"05/10/2022,09:37:10"
26108,Zalera,0.5714286,0,0.5714286,46493,1,True,na,"05/10/2022,09:29:46"
26108,Zalera,0.5714286,0,0.5714286,25000,1,False,na,"05/10/2022,07:12:50"
26108,Zalera,0.5714286,0,0.5714286,50000,1,True,na,"05/02/2022,22:41:23"
26108,Zalera,0.5714286,0,0.5714286,35000,1,True,na,"05/02/2022,19:31:07"
26108,Zalera,0.5714286,0,0.5714286,24500,1,True,na,"05/02/2022,17:10:50"
26108,Zalera,0.5714286,0,0.5714286,35000,1,True,na,"05/01/2022,22:16:11"
26108,Zalera,0.5714286,0,0.5714286,34990,1,True,na,"04/30/2022,18:55:13"
26108,Zalera,0.5714286,0,0.5714286,29999,1,True,na,"04/30/2022,01:50:16"
26108,Zalera,0.5714286,0,0.5714286,34989,1,True,na,"04/27/2022,15:16:37"
26108,Zalera,0.5714286,0,0.5714286,34990,1,True,na,"04/27/2022,00:46:19"
26108,Zalera,0.5714286,0,0.5714286,20000,1,True,na,"04/26/2022,23:29:36"
26108,Zalera,0.5714286,0,0.5714286,14494,1,True,na,"04/25/2022,00:55:21"
26108,Zalera,0.5714286,0,0.5714286,35000,1,True,na,"04/23/2022,22:15:18"
26108,Zalera,0.5714286,0,0.5714286,35000,1,True,na,"04/23/2022,16:42:55"
26108,Zalera,0.5714286,0,0.5714286,34999,1,True,na,"04/23/2022,02:55:06"
26108,Zalera,0.5714286,0,0.5714286,16494,1,True,na,"04/20/2022,13:54:27"
26108,Zalera,0.5714286,0,0.5714286,33000,1,True,na,"04/19/2022,01:02:28"
26108,Zalera,0.5714286,0,0.5714286,29000,1,True,na,"04/18/2022,11:23:44"
26108,Zalera,0.5714286,0,0.5714286,28990,1,True,na,"04/17/2022,18:57:21"
26108,Zalera,0.5714286,0,0.5714286,29979,1,True,na,"04/16/2022,21:31:57"
26108,Zalera,0.5714286,0,0.5714286,29970,1,True,na,"04/16/2022,20:32:25"
26108,Zalera,0.5714286,0,0.5714286,21268,1,True,na,"04/14/2022,19:07:32"
26108,Zalera,0.5714286,0,0.5714286,11494,1,True,na,"04/14/2022,05:07:27"
26108,Zalera,0.5714286,0,0.5714286,12494,1,True,na,"04/12/2022,23:16:39"
26108,Zalera,0.5714286,0,0.5714286,10000,1,True,na,"04/12/2022,14:33:08"
26108,Zalera,0.5714286,0,0.5714286,13494,1,True,na,"04/10/2022,05:06:29"
26108,Zalera,0.5714286,0,0.5714286,20000,1,True,na,"04/08/2022,00:16:27"
26108,Zalera,0.5714286,0,0.5714286,19999,1,True,na,"04/07/2022,20:13:58"
26108,Zalera,0.5714286,0,0.5714286,9449,1,False,na,"04/06/2022,01:01:09"
26108,Zalera,0.5714286,0,0.5714286,21269,1,True,na,"04/05/2022,20:13:45"
26108,Zalera,0.5714286,0,0.5714286,21266,1,True,na,"04/05/2022,01:51:40"
26108,Zalera,0.5714286,0,0.5714286,21265,1,True,na,"04/04/2022,22:10:00"
26108,Zalera,0.5714286,0,0.5714286,21268,1,True,na,"04/04/2022,10:01:23"
26108,Zalera,0.5714286,0,0.5714286,21269,1,True,na,"04/04/2022,05:46:32"
26108,Zalera,0.5714286,0,0.5714286,21266,1,True,na,"04/04/2022,02:25:47"
26108,Zalera,0.5714286,0,0.5714286,49530,1,True,na,"03/30/2022,21:49:29"
26108,Zalera,0.5714286,0,0.5714286,80350,1,True,na,"03/26/2022,14:52:16"
26108,Zalera,0.5714286,0,0.5714286,29000,1,False,na,"03/26/2022,05:17:16"
26108,Zalera,0.5714286,0,0.5714286,35000,1,True,na,"03/21/2022,23:09:11"
26108,Zalera,0.5714286,0,0.5714286,34009,1,True,na,"03/21/2022,01:54:09"
26108,Zalera,0.5714286,0,0.5714286,34008,1,True,na,"03/21/2022,01:31:45"
26108,Zalera,0.5714286,0,0.5714286,40000,1,True,na,"03/18/2022,02:19:17"
26108,Zalera,0.5714286,0,0.5714286,39999,1,True,na,"03/15/2022,22:39:22"
26108,Zalera,0.5714286,0,0.5714286,41500,1,True,na,"03/14/2022,03:26:45"
